1284015600.0,9,21.3,13.3,17.86,2.67,101514.4,100847.4,101223.73,217.12,53.4,46.4,49.84,2.11
1284102000.0,1440,32.3,11.3,21.94,5.77,101834.4,100815.4,101324.14,287.58,56.4,45.4,50.94,2.99
1284188400.0,1440,32.3,10.3,21.44,5.95,101832.4,100814.4,101327.26,291.01,56.4,44.4,50.54,3.12
1284274800.0,1440,33.3,10.3,21.77,6.01,101833.4,100816.4,101339.9,289.42,57.4,44.4,50.54,3.17
1284361200.0,1440,32.3,10.3,21.42,5.9,101837.4,100814.4,101318.71,288.47,56.4,44.4,50.5,3.09
1284447600.0,1440,32.3,10.3,21.41,5.85,101836.4,100814.4,101325.5,292.17,56.4,44.4,50.41,3.1
1284534000.0,1440,33.3,10.3,21.53,5.94,101839.4,100811.4,101322.59,286.74,57.4,44.4,50.43,3.16
1284620400.0,1440,33.3,10.3,21.53,5.97,101840.4,100810.4,101338.78,290.7,57.4,44.4,50.6,3.08
1284706800.0,1440,32.3,10.3,21.5,5.87,101841.4,100808.4,101331.92,290.72,57.4,44.4,50.59,3.24
1284793200.0,1440,32.3,10.3,21.38,5.94,101842.4,100808.4,101332.68,290.91,57.4,44.4,50.47,3.12
1284879600.0,1440,32.3,10.3,21.52,5.92,101843.4,100808.4,101315.41,283.45,56.4,44.4,50.63,3.12
1284966000.0,1440,33.3,10.3,21.62,6.0,101842.4,100805.4,101331.57,285.43,57.4,44.4,50.91,3.28
1285052400.0,1440,33.3,9.3,21.65,6.1,101845.4,100804.4,101333.77,289.11,58.4,43.4,50.61,3.57
1285138800.0,1440,34.3,9.3,21.4,6.16,101846.4,100804.4,101321.27,284.31,58.4,43.4,50.44,3.56
1285225200.0,1440,33.3,9.3,21.46,6.19,101845.4,100803.4,101315.96,285.84,58.4,43.4,50.54,3.61
1285311600.0,1440,33.3,9.3,21.54,6.1,101848.4,100806.4,101332.04,285.88,57.4,43.4,50.58,3.44
1285398000.0,1440,33.3,9.3,21.63,6.03,101847.4,100803.4,101336.19,292.46,58.4,43.4,50.43,3.55
1285484400.0,1440,33.3,9.3,21.5,6.1,101849.4,100803.4,101325.19,289.12,58.4,43.4,50.6,3.52
1285570800.0,1440,33.3,9.3,21.54,6.1,101847.4,100804.4,101329.01,287.48,57.4,43.4,50.52,3.58
1285657200.0,1440,34.3,9.3,21.74,6.09,101852.4,100803.4,101328.66,290.38,58.4,43.4,50.68,3.54
1285743600.0,1440,33.3,9.3,21.47,6.07,101853.4,100806.4,101329.39,290.24,57.4,43.4,50.67,3.54
1285830000.0,1440,35.3,9.3,21.82,6.17,101854.4,100795.4,101329.02,286.39,59.4,43.4,50.81,3.8
1285916400.0,1440,32.3,11.3,21.26,5.81,101824.4,100825.4,101344.42,294.5,55.4,45.4,50.52,2.86
1286002800.0,1440,32.3,11.3,21.59,5.74,101824.4,100825.4,101319.37,287.41,56.4,45.4,50.59,2.89
1286089200.0,1440,31.3,11.3,21.35,5.7,101827.4,100825.4,101329.79,282.93,55.4,45.4,50.56,2.95
1286175600.0,1440,31.3,11.3,21.43,5.65,101828.4,100821.4,101321.92,285.69,56.4,45.4,50.57,2.92
1286262000.0,1440,31.3,11.3,21.73,5.78,101829.4,100820.4,101329.18,294.09,56.4,45.4,50.63,2.9
1286348400.0,1440,31.3,11.3,21.26,5.79,101830.4,100819.4,101337.41,288.1,56.4,45.4,50.56,2.9
1286434800.0,1440,31.3,11.3,21.04,5.73,101827.4,100819.4,101321.38,290.12,56.4,45.4,50.52,2.92
1286521200.0,1440,32.3,11.3,21.45,5.75,101831.4,100817.4,101330.06,287.13,55.4,45.4,50.53,2.87
1286607600.0,1440,32.3,11.3,21.36,5.7,101833.4,100816.4,101324.45,287.57,55.4,45.4,50.58,2.88
1286694000.0,1440,32.3,11.3,21.68,5.88,101830.4,100815.4,101321.84,287.53,57.4,45.4,50.86,3.01
1286780400.0,1440,32.3,10.3,21.33,5.86,101835.4,100817.4,101318.18,291.33,57.4,44.4,50.64,3.1
1286866800.0,1440,32.3,10.3,21.61,5.7,101836.4,100815.4,101333.19,287.74,56.4,44.4,50.52,3.09
1286953200.0,1440,33.3,10.3,21.75,5.94,101837.4,100812.4,101345.81,289.29,56.4,44.4,50.45,3.07
1287039600.0,1440,33.3,10.3,21.68,6.0,101838.4,100813.4,101318.69,288.6,57.4,44.4,50.65,3.17
1287126000.0,1440,32.3,10.3,21.64,5.9,101839.4,100811.4,101316.41,293.27,57.4,44.4,50.58,3.14
1287212400.0,1440,32.3,10.3,21.37,5.87,101840.4,100809.4,101315.49,295.6,56.4,44.4,50.53,3.15
1287298800.0,1440,32.3,10.3,21.5,5.89,101841.4,100808.4,101336.33,288.02,57.4,44.4,50.46,3.14
1287385200.0,1440,32.3,10.3,21.6,5.92,101841.4,100807.4,101324.75,293.06,56.4,44.4,50.58,3.19
1287471600.0,1440,32.3,10.3,21.63,5.87,101843.4,100807.4,101323.32,293.68,57.4,44.4,50.57,3.14
1287558000.0,1440,33.3,10.3,21.71,6.11,101844.4,100810.4,101323.93,289.29,57.4,44.4,50.7,3.31
1287644400.0,1440,33.3,9.3,21.68,6.08,101845.4,100810.4,101322.33,293.8,57.4,43.4,50.77,3.47
1287730800.0,1440,33.3,9.3,21.38,6.12,101846.4,100809.4,101323.96,285.24,57.4,43.4,50.61,3.49
1287817200.0,1440,33.3,9.3,21.41,6.06,101844.4,100803.4,101314.02,287.11,58.4,43.4,50.66,3.42
1287903600.0,1440,33.3,9.3,21.3,6.02,101848.4,100805.4,101317.64,286.5,57.4,43.4,50.64,3.54
1287990000.0,1440,33.3,9.3,21.48,6.07,101848.4,100800.4,101327.6,287.6,57.4,43.4,50.74,3.54
1288076400.0,1440,34.3,9.3,21.54,6.18,101850.4,100801.4,101314.99,289.92,58.4,43.4,50.68,3.49
1288162800.0,1440,33.3,9.3,21.5,6.17,101849.4,100800.4,101330.48,288.06,58.4,43.4,50.55,3.52
1288249200.0,1440,33.3,9.3,21.42,6.1,101842.4,100798.4,101323.06,294.3,57.4,43.4,50.69,3.45
1288335600.0,1440,33.3,9.3,21.43,6.08,101852.4,100799.4,101334.3,288.28,57.4,43.4,50.56,3.53
1288422000.0,1440,34.3,9.3,22.11,6.2,101853.4,100797.4,101317.15,292.55,58.4,43.4,50.86,3.73
1288508400.0,1440,34.3,8.3,21.6,6.38,101853.4,100796.4,101319.38,285.82,58.4,42.4,50.63,3.94
1288594800.0,1440,32.3,11.3,21.45,5.79,101824.4,100824.4,101330.06,286.82,56.4,45.4,50.53,2.91
1288681200.0,1440,31.3,11.3,21.17,5.85,101825.4,100823.4,101325.75,285.49,55.4,45.4,50.59,2.91
1288767600.0,1440,32.3,11.3,21.55,5.86,101826.4,100825.4,101319.83,283.27,56.4,45.4,50.62,2.91
1288854000.0,1440,31.3,11.3,21.55,5.81,101827.4,100821.4,101319.96,294.19,56.4,45.4,50.66,2.92
1288940400.0,1440,32.3,11.3,21.51,5.79,101829.4,100820.4,101323.68,292.24,56.4,45.4,50.66,2.92
1289026800.0,1440,32.3,11.3,21.57,5.9,101824.4,100822.4,101327.85,289.82,55.4,45.4,50.66,2.91
1289113200.0,1500,32.3,11.3,21.49,5.85,101831.4,100819.4,101326.51,289.37,55.4,45.4,50.69,2.91
1289203200.0,1440,31.3,11.3,21.61,5.79,101832.4,100817.4,101325.01,289.72,56.4,45.4,50.52,2.96
1289289600.0,1440,31.3,11.3,21.29,5.76,101833.4,100818.4,101317.79,287.78,55.4,45.4,50.58,2.93
1289376000.0,1440,32.3,11.3,21.76,5.84,101831.4,100820.4,101314.13,292.38,56.4,45.4,50.86,2.97
1289462400.0,1440,32.3,10.3,21.43,5.84,101835.4,100816.4,101304.08,290.08,57.4,44.4,50.69,3.09
1289548800.0,1440,32.3,10.3,21.3,5.95,101829.4,100813.4,101329.64,289.88,56.4,44.4,50.47,3.14
1289635200.0,1440,32.3,10.3,21.43,5.95,101835.4,100814.4,101335.36,291.05,57.4,44.4,50.58,3.17
1289721600.0,1440,32.3,10.3,21.7,5.85,101838.4,100813.4,101318.73,287.25,56.4,44.4,50.61,3.09
1289808000.0,1440,32.3,10.3,21.15,5.84,101839.4,100811.4,101327.46,289.79,56.4,44.4,50.63,3.09
1289894400.0,1440,32.3,10.3,21.42,5.94,101837.4,100819.4,101316.62,288.74,56.4,44.4,50.62,3.12
1289980800.0,1440,32.3,10.3,21.57,5.98,101833.4,100809.4,101333.61,292.47,56.4,44.4,50.55,3.16
1290067200.0,1440,32.3,10.3,21.45,5.81,101838.4,100811.4,101333.44,290.24,56.4,44.4,50.56,3.15
1290153600.0,1440,33.3,10.3,21.52,5.92,101842.4,100806.4,101304.26,290.17,56.4,44.4,50.53,3.08
1290240000.0,1440,33.3,10.3,22.07,5.82,101843.4,100806.4,101316.25,290.95,57.4,44.4,50.93,3.29
1290326400.0,1440,34.3,9.3,21.51,6.17,101843.4,100807.4,101324.56,288.32,57.4,43.4,50.52,3.55
1290412800.0,1440,33.3,9.3,21.35,5.98,101846.4,100804.4,101319.99,296.26,58.4,43.4,50.35,3.57
1290499200.0,1440,33.3,9.3,21.32,6.13,101847.4,100802.4,101337.94,289.27,58.4,43.4,50.56,3.52
1290585600.0,1440,34.3,9.3,21.55,6.26,101844.4,100803.4,101325.46,287.21,57.4,43.4,50.5,3.63
1290672000.0,1440,33.3,9.3,21.55,6.2,101848.4,100804.4,101349.09,289.04,57.4,43.4,50.67,3.49
1290758400.0,1440,33.3,9.3,21.46,6.0,101850.4,100801.4,101318.85,288.2,57.4,43.4,50.56,3.45
1290844800.0,1440,34.3,9.3,21.65,6.12,101847.4,100799.4,101325.16,287.5,58.4,43.4,50.49,3.6
1290931200.0,1440,33.3,9.3,21.43,6.04,101852.4,100797.4,101343.18,291.42,58.4,43.4,50.57,3.67
1291017600.0,1440,33.3,9.3,21.43,6.15,101849.4,100798.4,101328.15,292.12,58.4,43.4,50.55,3.46
1291104000.0,1440,34.3,9.3,21.91,6.25,101854.4,100795.4,101310.2,293.1,58.4,43.4,51.01,3.88
1291190400.0,1440,31.3,11.3,21.67,5.8,101822.4,100826.4,101325.55,289.04,56.4,45.4,50.57,2.97
1291276800.0,1440,31.3,11.3,21.47,5.69,101820.4,100826.4,101321.26,283.34,56.4,45.4,50.54,2.91
1291363200.0,1440,32.3,11.3,21.58,5.78,101827.4,100824.4,101333.55,284.77,56.4,45.4,50.49,2.93
1291449600.0,1440,31.3,11.3,21.59,5.86,101828.4,100821.4,101317.18,286.35,56.4,45.4,50.55,2.91
1291536000.0,1440,31.3,11.3,21.47,5.8,101825.4,100821.4,101327.28,289.22,56.4,45.4,50.53,2.97
1291622400.0,1440,31.3,11.3,21.38,5.73,101830.4,100825.4,101323.47,287.47,56.4,45.4,50.59,2.88
1291708800.0,1440,32.3,11.3,21.7,5.73,101827.4,100818.4,101309.15,285.93,56.4,45.4,50.51,2.84
1291795200.0,1440,32.3,11.3,21.33,5.83,101829.4,100818.4,101330.28,291.8,56.4,45.4,50.56,2.93
1291881600.0,1440,31.3,11.3,21.42,5.77,101833.4,100819.4,101322.66,292.34,56.4,45.4,50.61,2.92
1291968000.0,1440,33.3,11.3,21.95,5.9,101832.4,100817.4,101330.36,283.02,57.4,45.4,51.02,2.96
1292054400.0,1440,32.3,10.3,21.38,5.86,101834.4,100815.4,101329.9,283.51,57.4,44.4,50.62,3.09
1292140800.0,1440,32.3,10.3,21.48,5.8,101835.4,100814.4,101323.25,291.82,56.4,44.4,50.39,3.1
1292227200.0,1440,32.3,10.3,21.44,5.87,101836.4,100821.4,101323.49,290.6,56.4,44.4,50.65,3.21
1292313600.0,1440,32.3,10.3,21.28,5.96,101838.4,100811.4,101323.23,290.02,56.4,44.4,50.56,3.09
1292400000.0,1440,33.3,10.3,21.64,5.8,101838.4,100813.4,101321.04,287.05,56.4,44.4,50.75,3.12
1292486400.0,1440,32.3,10.3,21.53,5.91,101837.4,100810.4,101328.3,291.75,57.4,44.4,50.48,3.14
1292572800.0,1440,32.3,10.3,21.37,5.8,101839.4,100808.4,101318.18,288.78,56.4,44.4,50.69,3.12
1292659200.0,1440,32.3,10.3,21.5,5.94,101839.4,100809.4,101328.09,288.53,56.4,44.4,50.5,3.13
1292745600.0,1440,33.3,10.3,21.32,5.96,101842.4,100811.4,101324.2,284.71,57.4,44.4,50.72,3.15
1292832000.0,1440,33.3,10.3,21.87,6.01,101842.4,100805.4,101317.77,294.18,58.4,44.4,50.91,3.33
1292918400.0,1440,34.3,9.3,21.29,6.02,101840.4,100804.4,101328.99,290.78,57.4,43.4,50.46,3.58
1293004800.0,1440,34.3,9.3,21.62,6.09,101844.4,100803.4,101316.89,285.76,58.4,43.4,50.63,3.56
1293091200.0,1440,33.3,9.3,21.47,6.07,101845.4,100806.4,101324.01,285.63,58.4,43.4,50.72,3.61
1293177600.0,1440,33.3,9.3,21.87,6.14,101844.4,100806.4,101326.97,285.76,57.4,43.4,50.49,3.56
1293264000.0,1440,33.3,9.3,21.29,6.22,101847.4,100800.4,101335.13,290.25,58.4,43.4,50.51,3.64
1293350400.0,1440,33.3,9.3,21.38,6.06,101845.4,100799.4,101324.22,294.61,57.4,43.4,50.62,3.52
1293436800.0,1440,33.3,9.3,21.31,6.05,101851.4,100799.4,101320.0,287.53,57.4,43.4,50.64,3.57
1293523200.0,1440,33.3,9.3,21.78,6.01,101849.4,100797.4,101335.28,293.28,57.4,43.4,50.68,3.45
1293609600.0,1440,34.3,9.3,21.24,6.21,101848.4,100802.4,101316.01,291.61,58.4,43.4,50.55,3.59
1293696000.0,1440,34.3,9.3,22.21,6.35,101854.4,100798.4,101322.97,283.83,59.4,43.4,51.11,3.78
1293782400.0,1440,34.3,8.3,21.47,6.35,101845.4,100795.4,101320.77,292.85,59.4,42.4,50.63,4.05
1293868800.0,1440,32.3,11.3,21.42,5.62,101825.4,100824.4,101328.69,293.87,55.4,45.4,50.57,2.86
1293955200.0,1440,31.3,11.3,21.74,5.75,101826.4,100825.4,101320.7,290.82,55.4,45.4,50.58,2.88
1294041600.0,1440,31.3,11.3,21.42,5.76,101825.4,100826.4,101335.68,288.0,55.4,45.4,50.59,2.89
1294128000.0,1440,31.3,11.3,21.37,5.67,101828.4,100822.4,101323.1,288.37,55.4,45.4,50.63,2.9
1294214400.0,1440,32.3,11.3,21.32,5.85,101824.4,100825.4,101328.13,291.31,56.4,45.4,50.7,2.92
1294300800.0,1440,32.3,11.3,21.47,5.84,101829.4,100820.4,101327.23,291.01,56.4,45.4,50.43,2.92
1294387200.0,1440,31.3,11.3,21.3,5.78,101828.4,100819.4,101317.28,293.14,55.4,45.4,50.58,2.89
1294473600.0,1440,32.3,11.3,21.37,5.86,101830.4,100818.4,101324.53,287.03,55.4,45.4,50.65,2.9
1294560000.0,1440,31.3,11.3,21.66,5.73,101832.4,100819.4,101328.35,289.16,55.4,45.4,50.57,2.93
1294646400.0,1440,32.3,11.3,21.76,5.78,101828.4,100820.4,101342.9,288.07,56.4,45.4,50.86,3.0
1294732800.0,1440,32.3,10.3,21.52,5.93,101835.4,100815.4,101326.47,292.56,56.4,44.4,50.58,3.15
1294819200.0,1440,33.3,10.3,21.39,5.91,101836.4,100817.4,101317.92,286.71,57.4,44.4,50.52,3.16
1294905600.0,1440,32.3,10.3,21.16,6.05,101837.4,100817.4,101327.05,292.45,56.4,44.4,50.56,3.17
1294992000.0,1440,32.3,10.3,21.59,5.89,101838.4,100811.4,101327.48,285.28,56.4,44.4,50.5,3.12
1295078400.0,1440,33.3,10.3,21.13,5.82,101839.4,100812.4,101323.78,290.84,56.4,44.4,50.65,3.1
1295164800.0,1440,32.3,10.3,21.2,5.95,101839.4,100809.4,101304.45,290.29,56.4,44.4,50.63,3.15
1295251200.0,1440,32.3,10.3,21.75,5.87,101840.4,100808.4,101325.87,290.94,57.4,44.4,50.54,3.08
1295337600.0,1440,32.3,10.3,21.58,5.87,101841.4,100808.4,101326.94,293.43,56.4,44.4,50.59,3.17
1295424000.0,1440,32.3,10.3,21.52,5.85,101843.4,100806.4,101322.52,292.14,57.4,44.4,50.5,3.17
1295510400.0,1440,33.3,10.3,21.74,5.97,101843.4,100805.4,101319.51,287.67,58.4,44.4,50.92,3.29
1295596800.0,1440,33.3,9.3,21.37,5.99,101845.4,100810.4,101315.71,291.61,57.4,43.4,50.44,3.51
1295683200.0,1440,33.3,9.3,21.34,6.14,101846.4,100803.4,101334.64,289.26,58.4,43.4,50.53,3.5
1295769600.0,1440,33.3,9.3,21.49,6.13,101847.4,100802.4,101327.61,291.89,58.4,43.4,50.45,3.51
1295856000.0,1440,33.3,9.3,21.54,6.09,101848.4,100801.4,101330.64,287.06,57.4,43.4,50.55,3.56
1295942400.0,1440,33.3,9.3,21.68,6.21,101849.4,100803.4,101323.95,292.96,57.4,43.4,50.55,3.46
1296028800.0,1440,33.3,9.3,21.5,6.14,101845.4,100799.4,101329.76,282.33,57.4,43.4,50.57,3.59
1296115200.0,1440,33.3,9.3,21.47,6.12,101851.4,100800.4,101318.33,289.98,57.4,43.4,50.42,3.46
1296201600.0,1440,34.3,9.3,21.35,5.99,101852.4,100799.4,101330.61,285.89,57.4,43.4,50.56,3.51
1296288000.0,1440,33.3,9.3,21.32,6.12,101850.4,100796.4,101330.88,295.7,57.4,43.4,50.74,3.54
1296374400.0,1440,34.3,9.3,22.01,6.24,101854.4,100796.4,101331.7,286.99,58.4,43.4,50.94,3.74
1296460800.0,1440,34.3,8.3,21.19,6.51,101854.4,100797.4,101335.11,284.37,58.4,42.4,50.64,4.08
1296547200.0,1440,31.3,11.3,21.43,5.88,101825.4,100824.4,101311.7,292.33,56.4,45.4,50.6,2.9
1296633600.0,1440,31.3,11.3,21.53,5.84,101826.4,100824.4,101339.63,287.08,56.4,45.4,50.56,2.89
1296720000.0,1440,32.3,11.3,21.73,5.73,101826.4,100825.4,101335.54,286.44,56.4,45.4,50.57,2.85
1296806400.0,1440,31.3,11.3,21.57,5.78,101828.4,100823.4,101316.2,283.67,56.4,45.4,50.47,2.98
1296892800.0,1440,31.3,11.3,21.55,5.76,101829.4,100825.4,101339.33,290.88,56.4,45.4,50.62,2.97
1296979200.0,1440,32.3,11.3,21.43,5.83,101830.4,100820.4,101324.81,287.89,56.4,45.4,50.64,2.89
1297065600.0,1440,32.3,11.3,21.65,5.77,101831.4,100821.4,101316.92,288.14,56.4,45.4,50.47,2.97
1297152000.0,1440,31.3,11.3,21.52,5.77,101830.4,100817.4,101326.29,290.32,55.4,45.4,50.54,2.89
1297238400.0,1440,31.3,11.3,21.37,5.83,101833.4,100817.4,101324.35,285.07,56.4,45.4,50.45,2.92
1297324800.0,1440,32.3,11.3,21.8,5.96,101834.4,100823.4,101328.02,292.51,56.4,45.4,50.93,2.99
1297411200.0,1440,33.3,10.3,21.64,5.91,101835.4,100815.4,101326.95,291.56,56.4,44.4,50.51,3.11
1297497600.0,1440,32.3,10.3,21.37,5.94,101830.4,100814.4,101319.49,285.06,57.4,44.4,50.5,3.13
1297584000.0,1440,32.3,10.3,21.44,5.92,101835.4,100815.4,101319.11,295.67,56.4,44.4,50.59,3.19
1297670400.0,1440,32.3,10.3,21.47,5.72,101836.4,100811.4,101321.98,291.09,56.4,44.4,50.58,3.19
1297756800.0,1440,33.3,10.3,21.28,5.86,101837.4,100812.4,101321.62,290.32,56.4,44.4,50.6,3.19
1297843200.0,1440,32.3,10.3,21.4,5.94,101839.4,100809.4,101325.47,286.5,56.4,44.4,50.57,3.11
1297929600.0,1440,32.3,10.3,21.43,5.91,101841.4,100808.4,101326.65,290.64,57.4,44.4,50.5,3.11
1298016000.0,1440,32.3,10.3,21.02,5.79,101842.4,100808.4,101326.03,283.87,57.4,44.4,50.62,3.2
1298102400.0,1440,32.3,10.3,21.37,5.92,101842.4,100806.4,101332.23,286.61,56.4,44.4,50.47,3.14
1298188800.0,1440,33.3,10.3,21.83,5.96,101840.4,100806.4,101311.3,289.87,57.4,44.4,50.82,3.27
1298275200.0,1440,33.3,9.3,21.55,6.1,101841.4,100804.4,101321.03,286.97,57.4,43.4,50.57,3.58
1298361600.0,1440,34.3,9.3,21.61,6.14,101838.4,100807.4,101319.27,286.4,58.4,43.4,50.49,3.64
1298448000.0,1440,33.3,9.3,21.38,6.12,101847.4,100802.4,101336.62,284.02,58.4,43.4,50.53,3.5
1298534400.0,1440,33.3,9.3,21.64,6.19,101848.4,100801.4,101336.77,293.61,57.4,43.4,50.8,3.55
1298620800.0,1440,34.3,9.3,21.54,6.11,101849.4,100802.4,101324.93,286.57,57.4,43.4,50.49,3.49
1298707200.0,1440,33.3,9.3,21.37,6.06,101849.4,100799.4,101322.7,288.94,57.4,43.4,50.59,3.56
1298793600.0,1440,33.3,9.3,21.59,6.2,101850.4,100799.4,101327.34,295.56,58.4,43.4,50.38,3.56
1298880000.0,1440,33.3,9.3,21.09,5.94,101851.4,100798.4,101320.84,285.76,57.4,43.4,50.69,3.53
1298966400.0,1440,32.3,11.3,21.62,5.89,101824.4,100824.4,101321.58,278.25,55.4,45.4,50.45,2.98
1299052800.0,1440,32.3,11.3,21.43,5.74,101826.4,100824.4,101323.01,281.85,56.4,45.4,50.59,2.89
1299139200.0,1440,32.3,11.3,21.57,5.81,101826.4,100826.4,101342.95,291.24,55.4,45.4,50.49,2.89
1299225600.0,1440,31.3,11.3,21.4,5.73,101826.4,100824.4,101321.63,288.99,56.4,45.4,50.65,2.89
1299312000.0,1440,32.3,11.3,21.63,5.77,101830.4,100823.4,101329.42,286.11,56.4,45.4,50.44,2.94
1299398400.0,1440,31.3,11.3,21.43,5.74,101828.4,100819.4,101314.54,285.01,56.4,45.4,50.5,2.94
1299484800.0,1440,32.3,11.3,21.47,5.69,101831.4,100819.4,101334.61,288.66,55.4,45.4,50.59,2.94
1299571200.0,1440,32.3,11.3,21.38,5.9,101832.4,100817.4,101332.51,289.94,56.4,45.4,50.59,2.96
1299657600.0,1440,32.3,11.3,21.18,5.85,101831.4,100818.4,101320.22,288.13,56.4,45.4,50.33,2.88
1299744000.0,1440,33.3,11.3,21.69,5.8,101834.4,100816.4,101327.35,290.61,57.4,45.4,50.8,2.98
1299830400.0,1440,32.3,10.3,21.55,6.02,101834.4,100814.4,101319.4,286.75,56.4,44.4,50.5,3.15
1299916800.0,1440,32.3,10.3,21.61,5.99,101835.4,100814.4,101324.39,285.68,57.4,44.4,50.54,3.14
1300003200.0,1380,33.3,10.3,21.47,5.93,101835.4,100813.4,101320.29,289.51,56.4,44.4,50.5,3.12
1300086000.0,1440,32.3,10.3,21.13,5.99,101837.4,100811.4,101330.43,289.37,57.4,44.4,50.48,3.07
1300172400.0,1440,32.3,10.3,21.27,5.95,101837.4,100810.4,101307.32,286.63,56.4,44.4,50.48,3.13
1300258800.0,1440,32.3,10.3,21.42,5.96,101834.4,100809.4,101305.2,288.12,57.4,44.4,50.55,3.24
1300345200.0,1440,32.3,10.3,21.43,5.91,101840.4,100808.4,101327.31,282.03,57.4,44.4,50.59,3.15
1300431600.0,1440,32.3,10.3,21.7,5.92,101842.4,100807.4,101319.78,287.49,56.4,44.4,50.49,3.16
1300518000.0,1440,32.3,10.3,21.66,5.88,101842.4,100807.4,101341.12,289.26,56.4,44.4,50.49,3.11
1300604400.0,1440,33.3,10.3,21.78,5.97,101843.4,100805.4,101333.35,287.33,58.4,44.4,50.91,3.29
1300690800.0,1440,33.3,9.3,21.21,5.99,101843.4,100806.4,101329.3,289.24,57.4,43.4,50.46,3.45
1300777200.0,1440,33.3,9.3,21.36,6.09,101845.4,100803.4,101323.38,290.07,58.4,43.4,50.65,3.37
1300863600.0,1440,33.3,9.3,21.49,6.09,101846.4,100803.4,101328.63,286.77,57.4,43.4,50.57,3.53
1300950000.0,1440,33.3,9.3,21.57,5.98,101848.4,100803.4,101324.12,285.83,57.4,43.4,50.55,3.56
1301036400.0,1440,33.3,9.3,21.56,6.1,101847.4,100800.4,101326.73,281.72,57.4,43.4,50.8,3.53
1301122800.0,1440,34.3,9.3,21.38,6.22,101850.4,100802.4,101320.57,296.68,57.4,43.4,50.51,3.45
1301209200.0,1440,33.3,9.3,21.44,6.21,101850.4,100808.4,101327.49,287.1,58.4,43.4,50.74,3.54
1301295600.0,1440,33.3,9.3,21.45,6.36,101850.4,100797.4,101326.56,293.36,57.4,43.4,50.59,3.44
1301382000.0,1440,33.3,9.3,21.33,6.02,101853.4,100797.4,101323.38,293.07,57.4,43.4,50.45,3.49
1301468400.0,1440,34.3,9.3,21.68,6.29,101854.4,100797.4,101317.97,283.07,58.4,43.4,50.79,3.96
1301554800.0,1440,34.3,8.3,21.4,6.43,101849.4,100795.4,101328.61,297.54,59.4,42.4,50.51,4.2
1301641200.0,1440,31.3,11.3,21.31,5.9,101825.4,100825.4,101327.73,288.17,56.4,45.4,50.55,2.89
1301727600.0,1440,31.3,11.3,21.43,5.87,101826.4,100823.4,101324.96,282.12,55.4,45.4,50.59,2.89
1301814000.0,1440,31.3,11.3,21.46,5.79,101827.4,100825.4,101338.52,289.56,56.4,45.4,50.5,2.93
1301900400.0,1440,31.3,11.3,21.29,5.73,101828.4,100825.4,101330.43,286.16,56.4,45.4,50.58,2.94
1301986800.0,1440,31.3,11.3,21.36,5.81,101827.4,100822.4,101323.12,289.46,56.4,45.4,50.63,2.93
1302073200.0,1440,32.3,11.3,21.42,5.85,101829.4,100823.4,101320.76,285.64,56.4,45.4,50.46,2.95
1302159600.0,1440,31.3,11.3,21.45,5.83,101831.4,100818.4,101336.24,286.06,55.4,45.4,50.58,2.84
1302246000.0,1440,31.3,11.3,21.67,5.82,101830.4,100818.4,101330.06,290.83,55.4,45.4,50.5,2.87
1302332400.0,1440,32.3,11.3,21.5,5.92,101830.4,100816.4,101337.39,287.93,56.4,45.4,50.45,2.87
1302418800.0,1440,32.3,11.3,21.95,5.8,101831.4,100816.4,101324.02,289.87,56.4,45.4,50.89,2.95
1302505200.0,1440,32.3,10.3,21.21,5.89,101834.4,100815.4,101336.54,290.33,56.4,44.4,50.61,3.09
1302591600.0,1440,32.3,10.3,21.7,5.88,101834.4,100816.4,101321.64,285.47,57.4,44.4,50.66,3.18
1302678000.0,1440,32.3,10.3,21.6,5.86,101836.4,100812.4,101336.6,289.41,56.4,44.4,50.51,3.06
1302764400.0,1440,32.3,10.3,21.75,5.89,101837.4,100813.4,101308.96,287.16,56.4,44.4,50.65,3.09
1302850800.0,1440,32.3,10.3,21.58,5.95,101839.4,100810.4,101332.54,283.75,56.4,44.4,50.65,3.15
1302937200.0,1440,32.3,10.3,21.44,5.9,101836.4,100810.4,101320.82,288.89,56.4,44.4,50.53,3.09
1303023600.0,1440,32.3,10.3,21.45,5.94,101841.4,100809.4,101327.04,293.2,56.4,44.4,50.54,3.12
1303110000.0,1440,32.3,10.3,21.36,5.93,101839.4,100808.4,101323.87,286.95,56.4,44.4,50.56,3.1
1303196400.0,1440,32.3,10.3,21.44,5.89,101840.4,100807.4,101322.92,284.7,56.4,44.4,50.68,3.12
1303282800.0,1440,34.3,10.3,22.1,5.87,101839.4,100805.4,101332.55,295.37,57.4,44.4,50.95,3.31
1303369200.0,1440,33.3,9.3,21.39,6.05,101845.4,100804.4,101320.15,295.52,57.4,43.4,50.61,3.49
1303455600.0,1440,33.3,9.3,21.55,6.05,101845.4,100807.4,101317.18,295.05,57.4,43.4,50.68,3.61
1303542000.0,1440,34.3,9.3,21.12,6.21,101845.4,100804.4,101329.09,296.9,57.4,43.4,50.5,3.61
1303628400.0,1440,33.3,9.3,21.57,5.95,101848.4,100801.4,101327.6,292.57,57.4,43.4,50.51,3.51
1303714800.0,1440,34.3,9.3,21.74,6.16,101846.4,100800.4,101314.69,290.68,58.4,43.4,50.65,3.55
1303801200.0,1440,33.3,9.3,21.46,6.19,101849.4,100800.4,101321.0,288.39,57.4,43.4,50.55,3.47
1303887600.0,1440,34.3,9.3,21.25,6.17,101850.4,100798.4,101321.41,291.13,57.4,43.4,50.78,3.5
1303974000.0,1440,33.3,9.3,21.44,6.15,101852.4,100799.4,101333.86,283.79,57.4,43.4,50.75,3.51
1304060400.0,1440,33.3,9.3,21.75,6.28,101853.4,100796.4,101331.34,289.52,57.4,43.4,50.62,3.49
1304146800.0,1440,35.3,9.3,21.8,6.46,101854.4,100797.4,101327.26,295.76,58.4,43.4,51.1,3.76
1304233200.0,1440,32.3,11.3,21.62,5.86,101823.4,100825.4,101339.55,290.62,55.4,45.4,50.56,2.87
1304319600.0,1440,32.3,11.3,21.46,5.72,101825.4,100826.4,101324.12,287.56,55.4,45.4,50.58,2.94
1304406000.0,1440,31.3,11.3,21.56,5.78,101822.4,100826.4,101321.15,294.14,55.4,45.4,50.67,2.86
1304492400.0,1440,32.3,11.3,21.33,5.83,101826.4,100824.4,101325.19,282.73,56.4,45.4,50.61,2.97
1304578800.0,1440,31.3,11.3,21.73,5.7,101825.4,100822.4,101320.58,285.07,55.4,45.4,50.6,2.88
1304665200.0,1440,31.3,11.3,21.45,5.7,101825.4,100821.4,101321.16,289.71,56.4,45.4,50.51,2.9
1304751600.0,1440,31.3,11.3,21.36,5.8,101831.4,100820.4,101318.28,292.94,56.4,45.4,50.51,2.95
1304838000.0,1440,31.3,11.3,21.32,5.77,101828.4,100820.4,101335.77,293.41,55.4,45.4,50.55,2.9
1304924400.0,1440,31.3,11.3,21.37,5.72,101833.4,100818.4,101322.15,291.44,56.4,45.4,50.55,2.9
1305010800.0,1440,32.3,11.3,21.73,5.81,101833.4,100817.4,101329.13,291.53,56.4,45.4,50.92,2.96
1305097200.0,1440,32.3,10.3,21.38,5.95,101832.4,100821.4,101314.79,295.83,56.4,44.4,50.61,3.04
1305183600.0,1440,32.3,10.3,21.5,5.73,101836.4,100814.4,101325.23,285.61,56.4,44.4,50.62,3.16
1305270000.0,1440,32.3,10.3,21.37,5.86,101836.4,100813.4,101322.44,290.04,56.4,44.4,50.52,3.14
1305356400.0,1440,32.3,10.3,21.49,5.96,101838.4,100811.4,101333.18,288.06,56.4,44.4,50.63,3.09
1305442800.0,1440,33.3,10.3,21.49,5.86,101839.4,100810.4,101339.75,289.69,57.4,44.4,50.67,3.05
1305529200.0,1440,32.3,10.3,21.44,5.95,101841.4,100809.4,101324.01,290.59,57.4,44.4,50.35,3.13
1305615600.0,1440,32.3,10.3,21.53,5.94,101833.4,100808.4,101315.15,287.97,56.4,44.4,50.62,3.21
1305702000.0,1440,32.3,10.3,21.49,5.86,101840.4,100808.4,101315.93,291.14,56.4,44.4,50.54,3.11
1305788400.0,1440,32.3,10.3,21.25,5.89,101843.4,100807.4,101314.83,290.88,56.4,44.4,50.55,3.08
1305874800.0,1440,34.3,10.3,22.16,5.94,101844.4,100807.4,101324.84,290.26,57.4,44.4,50.85,3.21
1305961200.0,1440,33.3,9.3,21.57,6.11,101841.4,100804.4,101323.43,286.59,57.4,43.4,50.55,3.51
1306047600.0,1440,33.3,9.3,21.3,6.19,101846.4,100807.4,101314.61,288.12,57.4,43.4,50.66,3.5
1306134000.0,1440,33.3,9.3,21.51,6.03,101845.4,100804.4,101327.73,285.78,57.4,43.4,50.68,3.49
1306220400.0,1440,33.3,9.3,21.5,6.24,101848.4,100801.4,101311.56,286.94,57.4,43.4,50.41,3.43
1306306800.0,1440,34.3,9.3,21.62,5.89,101845.4,100804.4,101329.43,287.29,57.4,43.4,50.67,3.56
1306393200.0,1440,34.3,9.3,21.85,6.12,101850.4,100799.4,101321.15,292.02,58.4,43.4,50.54,3.48
1306479600.0,1440,33.3,9.3,21.42,6.24,101850.4,100799.4,101307.65,287.51,58.4,43.4,50.46,3.49
1306566000.0,1440,33.3,9.3,21.38,6.18,101852.4,100798.4,101328.61,289.96,57.4,43.4,50.41,3.62
1306652400.0,1440,33.3,9.3,21.59,6.17,101850.4,100797.4,101325.53,290.47,58.4,43.4,50.58,3.57
1306738800.0,1440,34.3,9.3,21.99,6.18,101852.4,100797.4,101321.15,288.06,58.4,43.4,51.05,3.84
1306825200.0,1440,34.3,8.3,21.51,6.48,101855.4,100795.4,101333.61,289.39,59.4,42.4,50.31,4.16
1306911600.0,1440,32.3,11.3,21.59,5.71,101824.4,100826.4,101332.14,290.94,55.4,45.4,50.64,2.94
1306998000.0,1440,31.3,11.3,21.38,5.81,101822.4,100825.4,101318.85,290.98,56.4,45.4,50.67,2.91
1307084400.0,1440,31.3,11.3,21.05,5.84,101826.4,100822.4,101323.78,285.58,56.4,45.4,50.52,2.95
1307170800.0,1440,31.3,11.3,21.48,5.67,101828.4,100821.4,101312.61,285.32,55.4,45.4,50.54,2.91
1307257200.0,1440,31.3,11.3,21.43,5.82,101826.4,100820.4,101324.86,284.25,55.4,45.4,50.57,2.93
1307343600.0,1440,31.3,11.3,21.45,5.75,101826.4,100819.4,101327.62,284.89,56.4,45.4,50.53,2.95
1307430000.0,1440,31.3,11.3,21.5,5.69,101830.4,100818.4,101320.47,279.27,56.4,45.4,50.73,2.9
1307516400.0,1440,31.3,11.3,21.58,5.62,101832.4,100819.4,101331.32,293.28,56.4,45.4,50.55,2.89
1307602800.0,1440,32.3,11.3,21.51,5.83,101833.4,100817.4,101328.15,286.17,55.4,45.4,50.6,2.94
1307689200.0,1440,32.3,11.3,21.8,5.84,101834.4,100815.4,101335.6,281.1,57.4,45.4,50.87,3.05
1307775600.0,1440,32.3,10.3,21.47,5.84,101835.4,100817.4,101325.19,290.04,57.4,44.4,50.65,3.07
1307862000.0,1440,33.3,10.3,21.24,5.89,101835.4,100813.4,101313.33,292.23,56.4,44.4,50.38,3.14
1307948400.0,1440,32.3,10.3,21.42,5.9,101837.4,100813.4,101323.48,285.33,56.4,44.4,50.72,3.13
1308034800.0,1440,32.3,10.3,21.44,5.96,101836.4,100812.4,101333.31,287.87,56.4,44.4,50.56,3.06
1308121200.0,1440,32.3,10.3,21.4,5.96,101839.4,100810.4,101322.73,285.33,57.4,44.4,50.64,3.15
1308207600.0,1440,33.3,10.3,21.39,5.83,101834.4,100811.4,101321.15,293.04,57.4,44.4,50.62,3.08
1308294000.0,1440,32.3,10.3,21.7,5.91,101837.4,100808.4,101340.85,290.82,57.4,44.4,50.53,3.05
1308380400.0,1440,33.3,10.3,21.66,5.93,101839.4,100811.4,101321.93,288.68,56.4,44.4,50.57,3.12
1308466800.0,1440,32.3,10.3,21.46,5.93,101843.4,100809.4,101323.9,283.43,56.4,44.4,50.62,3.13
1308553200.0,1440,33.3,10.3,21.68,5.98,101844.4,100807.4,101334.26,289.85,58.4,44.4,51.03,3.37
1308639600.0,1440,33.3,9.3,21.14,6.11,101839.4,100804.4,101316.32,285.31,58.4,43.4,50.68,3.65
1308726000.0,1440,34.3,9.3,21.5,6.08,101844.4,100806.4,101325.9,292.02,58.4,43.4,50.36,3.51
1308812400.0,1440,34.3,9.3,21.37,6.18,101847.4,100802.4,101326.73,294.49,58.4,43.4,50.47,3.5
1308898800.0,1440,33.3,9.3,21.57,5.99,101846.4,100804.4,101332.77,288.61,58.4,43.4,50.7,3.54
1308985200.0,1440,33.3,9.3,21.38,6.08,101848.4,100801.4,101328.05,287.82,58.4,43.4,50.34,3.5
1309071600.0,1440,33.3,9.3,21.38,6.16,101850.4,100799.4,101318.2,289.17,57.4,43.4,50.63,3.53
1309158000.0,1440,33.3,9.3,21.37,6.15,101851.4,100800.4,101325.89,287.88,57.4,43.4,50.49,3.48
1309244400.0,1440,33.3,9.3,21.61,6.18,101852.4,100798.4,101310.68,291.42,57.4,43.4,50.47,3.51
1309330800.0,1440,33.3,9.3,21.37,6.1,101850.4,100796.4,101325.22,287.54,57.4,43.4,50.57,3.53
1309417200.0,1440,34.3,9.3,21.65,6.25,101854.4,100795.4,101321.79,290.56,58.4,43.4,50.8,3.76
1309503600.0,1440,31.3,11.3,21.35,5.73,101823.4,100825.4,101324.62,289.32,55.4,45.4,50.62,2.89
1309590000.0,1440,32.3,11.3,21.53,5.8,101824.4,100823.4,101329.92,286.58,55.4,45.4,50.46,2.91
1309676400.0,1440,32.3,11.3,21.21,5.78,101822.4,100824.4,101324.23,281.05,56.4,45.4,50.65,2.96
1309762800.0,1440,32.3,11.3,21.58,5.62,101824.4,100822.4,101328.5,293.2,55.4,45.4,50.68,2.91
1309849200.0,1440,31.3,11.3,21.49,5.8,101826.4,100820.4,101330.97,289.05,56.4,45.4,50.59,2.93
1309935600.0,1440,31.3,11.3,21.4,5.69,101828.4,100819.4,101322.98,290.82,56.4,45.4,50.49,2.95
1310022000.0,1440,31.3,11.3,21.33,5.83,101823.4,100819.4,101333.49,287.85,56.4,45.4,50.56,2.91
1310108400.0,1440,32.3,11.3,21.65,5.88,101831.4,100817.4,101314.71,295.04,56.4,45.4,50.58,2.92
1310194800.0,1440,31.3,11.3,21.7,5.74,101832.4,100816.4,101314.71,285.22,56.4,45.4,50.64,2.9
1310281200.0,1440,33.3,11.3,21.78,5.9,101829.4,100817.4,101319.38,289.98,56.4,45.4,50.76,2.88
1310367600.0,1440,32.3,10.3,21.33,5.87,101833.4,100814.4,101319.95,283.99,56.4,44.4,50.59,3.12
1310454000.0,1440,32.3,10.3,21.53,6.05,101835.4,100816.4,101339.3,285.28,57.4,44.4,50.6,3.1
1310540400.0,1440,33.3,10.3,21.22,5.83,101836.4,100812.4,101316.59,287.98,56.4,44.4,50.58,3.14
1310626800.0,1440,32.3,10.3,21.32,5.85,101838.4,100815.4,101341.79,293.7,57.4,44.4,50.64,3.22
1310713200.0,1440,32.3,10.3,21.53,5.83,101839.4,100811.4,101326.12,282.15,57.4,44.4,50.44,3.12
1310799600.0,1440,32.3,10.3,21.46,5.77,101840.4,100809.4,101329.08,288.28,57.4,44.4,50.66,3.18
1310886000.0,1440,32.3,10.3,21.56,5.88,101841.4,100809.4,101325.57,288.33,56.4,44.4,50.45,3.16
1310972400.0,1440,32.3,10.3,21.55,5.94,101838.4,100810.4,101331.77,290.74,56.4,44.4,50.61,3.09
1311058800.0,1440,32.3,10.3,21.38,5.99,101843.4,100807.4,101321.06,292.14,56.4,44.4,50.64,3.14
1311145200.0,1440,33.3,10.3,21.94,6.03,101844.4,100810.4,101321.8,292.03,57.4,44.4,51.04,3.26
1311231600.0,1440,34.3,9.3,21.63,6.0,101845.4,100804.4,101327.58,289.96,57.4,43.4,50.66,3.53
1311318000.0,1440,33.3,9.3,21.44,6.03,101846.4,100804.4,101341.39,292.68,57.4,43.4,50.59,3.49
1311404400.0,1440,34.3,9.3,21.6,6.15,101843.4,100802.4,101333.03,288.12,57.4,43.4,50.63,3.45
1311490800.0,1440,33.3,9.3,21.24,6.21,101847.4,100802.4,101313.39,280.78,57.4,43.4,50.71,3.45
1311577200.0,1440,33.3,9.3,21.61,6.07,101841.4,100800.4,101330.69,290.05,57.4,43.4,50.68,3.51
1311663600.0,1440,33.3,9.3,21.42,6.07,101850.4,100799.4,101341.45,286.6,58.4,43.4,50.48,3.58
1311750000.0,1440,33.3,9.3,21.46,6.08,101851.4,100801.4,101314.06,285.1,57.4,43.4,50.56,3.54
1311836400.0,1440,33.3,9.3,21.41,6.19,101852.4,100799.4,101336.0,290.27,58.4,43.4,50.76,3.59
1311922800.0,1440,33.3,9.3,21.39,6.11,101849.4,100797.4,101318.49,287.0,57.4,43.4,50.46,3.61
1312009200.0,1440,34.3,9.3,21.81,6.15,101851.4,100802.4,101314.11,288.92,58.4,43.4,50.97,3.74
1312095600.0,1440,34.3,8.3,21.48,6.19,101855.4,100799.4,101323.51,294.32,59.4,42.4,50.54,4.09
1312182000.0,1440,31.3,11.3,21.73,5.79,101823.4,100824.4,101325.64,293.44,55.4,45.4,50.52,2.87
1312268400.0,1440,31.3,11.3,21.65,5.61,101826.4,100825.4,101332.55,295.97,56.4,45.4,50.56,2.94
1312354800.0,1440,32.3,11.3,21.37,5.79,101826.4,100823.4,101317.16,288.9,56.4,45.4,50.59,2.92
1312441200.0,1440,31.3,11.3,21.56,5.83,101827.4,100821.4,101316.02,284.2,56.4,45.4,50.54,2.88
1312527600.0,1440,31.3,11.3,21.53,5.99,101829.4,100820.4,101324.33,286.47,56.4,45.4,50.5,2.92
1312614000.0,1440,32.3,11.3,21.8,5.89,101830.4,100820.4,101325.39,285.92,56.4,45.4,50.55,2.86
1312700400.0,1440,31.3,11.3,21.55,5.94,101828.4,100819.4,101316.84,293.39,56.4,45.4,50.46,2.87
1312786800.0,1440,31.3,11.3,21.38,5.69,101831.4,100817.4,101331.02,288.8,56.4,45.4,50.78,2.96
1312873200.0,1440,32.3,11.3,21.35,5.82,101832.4,100820.4,101318.44,292.06,55.4,45.4,50.61,2.92
1312959600.0,1440,32.3,11.3,22.05,5.8,101831.4,100816.4,101322.29,284.03,56.4,45.4,50.96,3.02
1313046000.0,1440,33.3,10.3,21.62,6.0,101835.4,100817.4,101315.64,295.52,56.4,44.4,50.56,3.06
1313132400.0,1440,32.3,10.3,21.15,5.95,101835.4,100815.4,101312.75,291.6,56.4,44.4,50.46,3.14
1313218800.0,1440,32.3,10.3,21.71,6.05,101833.4,100812.4,101323.64,292.54,57.4,44.4,50.5,3.13
1313305200.0,1440,32.3,10.3,21.37,5.87,101836.4,100812.4,101332.02,284.18,57.4,44.4,50.56,3.07
1313391600.0,1440,33.3,10.3,21.57,5.82,101838.4,100811.4,101318.12,285.81,56.4,44.4,50.53,3.12
1313478000.0,1440,32.3,10.3,21.63,5.83,101839.4,100809.4,101334.34,286.38,56.4,44.4,50.54,3.15
1313564400.0,1440,32.3,10.3,21.4,5.83,101840.4,100808.4,101315.55,288.77,57.4,44.4,50.56,3.17
1313650800.0,1440,32.3,10.3,21.31,5.98,101842.4,100808.4,101315.91,283.59,56.4,44.4,50.44,2.97
1313737200.0,1440,32.3,10.3,21.76,5.79,101843.4,100811.4,101323.2,294.12,57.4,44.4,50.63,3.15
1313823600.0,1440,33.3,10.3,21.94,6.0,101837.4,100806.4,101322.45,282.03,57.4,44.4,50.92,3.3
1313910000.0,1440,34.3,9.3,21.65,6.06,101842.4,100805.4,101332.05,288.78,57.4,43.4,50.6,3.55
1313996400.0,1440,33.3,9.3,21.38,6.05,101846.4,100808.4,101325.34,290.13,58.4,43.4,50.36,3.43
1314082800.0,1440,33.3,9.3,21.35,6.23,101845.4,100804.4,101322.3,287.43,57.4,43.4,50.58,3.55
1314169200.0,1440,33.3,9.3,21.02,6.24,101845.4,100804.4,101327.02,284.31,58.4,43.4,50.6,3.6
1314255600.0,1440,33.3,9.3,21.36,6.09,101849.4,100800.4,101325.66,289.15,58.4,43.4,50.62,3.49
1314342000.0,1440,33.3,9.3,21.31,6.11,101850.4,100802.4,101324.65,292.62,57.4,43.4,50.68,3.53
1314428400.0,1440,34.3,9.3,21.76,6.1,101851.4,100805.4,101313.44,293.51,57.4,43.4,50.47,3.48
1314514800.0,1440,33.3,9.3,21.42,6.18,101852.4,100797.4,101334.53,285.28,57.4,43.4,50.55,3.52
1314601200.0,1440,33.3,9.3,21.2,6.02,101851.4,100796.4,101328.91,290.07,57.4,43.4,50.45,3.55
1314687600.0,1440,35.3,9.3,21.49,6.36,101850.4,100802.4,101334.24,295.75,59.4,43.4,50.94,3.75
1314774000.0,1440,34.3,8.3,21.45,6.48,101855.4,100794.4,101321.39,296.19,59.4,42.4,50.58,4.02
1314860400.0,1440,31.3,11.3,21.4,5.73,101825.4,100826.4,101335.21,283.95,55.4,45.4,50.56,2.97
1314946800.0,1440,31.3,11.3,21.47,5.75,101824.4,100824.4,101323.47,285.35,56.4,45.4,50.58,2.9
1315033200.0,1440,31.3,11.3,21.62,5.65,101826.4,100822.4,101312.79,291.98,56.4,45.4,50.5,2.87
1315119600.0,1440,32.3,11.3,21.65,5.85,101827.4,100825.4,101332.23,280.07,55.4,45.4,50.57,2.9
1315206000.0,1440,31.3,11.3,21.34,5.82,101826.4,100820.4,101317.99,286.68,55.4,45.4,50.58,2.88
1315292400.0,1440,31.3,11.3,21.41,5.88,101823.4,100820.4,101337.68,289.66,55.4,45.4,50.48,2.9
1315378800.0,1440,31.3,11.3,21.21,5.79,101831.4,100825.4,101324.68,292.08,55.4,45.4,50.58,2.91
1315465200.0,1440,32.3,11.3,21.78,5.81,101828.4,100817.4,101334.53,288.07,56.4,45.4,50.59,2.92
1315551600.0,1440,31.3,11.3,21.55,5.71,101833.4,100819.4,101316.0,291.77,56.4,45.4,50.66,2.93
1315638000.0,1440,33.3,11.3,21.87,5.88,101829.4,100817.4,101332.11,288.55,56.4,45.4,50.89,3.03
1315724400.0,1440,32.3,10.3,21.71,5.92,101835.4,100815.4,101328.58,287.24,57.4,44.4,50.72,3.18
1315810800.0,1440,33.3,10.3,21.26,5.92,101831.4,100813.4,101300.94,286.72,56.4,44.4,50.33,3.22
1315897200.0,1440,32.3,10.3,21.6,5.92,101835.4,100812.4,101318.26,286.12,57.4,44.4,50.6,3.11
1315983600.0,1440,32.3,10.3,21.13,6.0,101836.4,100815.4,101331.94,284.96,57.4,44.4,50.49,3.1
1316070000.0,1440,33.3,10.3,21.7,5.92,101839.4,100810.4,101332.33,285.91,56.4,44.4,50.69,3.16
1316156400.0,1440,33.3,10.3,21.4,5.94,101836.4,100813.4,101315.0,291.88,56.4,44.4,50.55,3.11
1316242800.0,1440,33.3,10.3,21.41,5.92,101841.4,100812.4,101330.9,285.19,57.4,44.4,50.62,3.12
1316329200.0,1440,32.3,10.3,21.78,5.83,101839.4,100811.4,101316.36,291.55,56.4,44.4,50.58,3.1
1316415600.0,1440,32.3,10.3,21.33,5.84,101843.4,100808.4,101327.85,290.48,57.4,44.4,50.52,3.15
1316502000.0,1440,33.3,10.3,21.85,5.95,101844.4,100809.4,101329.72,291.94,57.4,44.4,50.9,3.32
1316588400.0,1440,33.3,9.3,21.33,6.2,101836.4,100806.4,101309.26,285.49,57.4,43.4,50.56,3.56
1316674800.0,1440,33.3,9.3,21.46,6.1,101846.4,100803.4,101326.53,295.42,57.4,43.4,50.63,3.44
1316761200.0,1440,33.3,9.3,21.35,6.08,101842.4,100804.4,101310.62,290.88,58.4,43.4,50.6,3.44
1316847600.0,1440,33.3,9.3,21.54,6.12,101845.4,100802.4,101315.83,285.81,57.4,43.4,50.51,3.54
1316934000.0,1440,33.3,9.3,21.62,6.09,101848.4,100800.4,101319.64,285.31,57.4,43.4,50.51,3.45
1317020400.0,1440,33.3,9.3,21.47,6.19,101850.4,100799.4,101328.7,290.75,57.4,43.4,50.49,3.52
1317106800.0,1440,34.3,9.3,21.52,6.1,101850.4,100800.4,101317.08,294.35,57.4,43.4,50.61,3.62
1317193200.0,1440,33.3,9.3,21.29,6.17,101852.4,100798.4,101324.98,287.15,57.4,43.4,50.56,3.54
1317279600.0,1440,33.3,9.3,21.35,6.04,101849.4,100800.4,101313.8,282.09,57.4,43.4,50.49,3.49
1317366000.0,1440,35.3,9.3,22.01,6.32,101850.4,100797.4,101335.66,288.59,59.4,43.4,50.78,3.74
1317452400.0,1440,31.3,11.3,21.54,5.81,101824.4,100825.4,101318.28,292.17,56.4,45.4,50.54,2.88
1317538800.0,1440,31.3,11.3,21.56,5.77,101826.4,100824.4,101320.85,284.89,55.4,45.4,50.47,2.94
1317625200.0,1440,31.3,11.3,21.51,5.68,101823.4,100823.4,101328.89,290.94,55.4,45.4,50.46,2.9
1317711600.0,1440,31.3,11.3,21.37,5.84,101828.4,100821.4,101315.39,290.11,55.4,45.4,50.55,2.86
1317798000.0,1440,31.3,11.3,21.29,5.74,101828.4,100822.4,101318.53,289.14,55.4,45.4,50.38,2.95
1317884400.0,1440,31.3,11.3,21.26,5.86,101830.4,100819.4,101322.19,290.01,56.4,45.4,50.63,2.86
1317970800.0,1440,32.3,11.3,21.41,5.85,101831.4,100826.4,101333.74,288.25,55.4,45.4,50.69,2.9
1318057200.0,1440,31.3,11.3,21.55,5.9,101831.4,100821.4,101314.99,289.3,56.4,45.4,50.58,2.94
1318143600.0,1440,32.3,11.3,21.43,5.74,101833.4,100825.4,101320.67,292.75,56.4,45.4,50.48,2.91
1318230000.0,1440,33.3,11.3,21.71,5.77,101832.4,100818.4,101317.36,290.21,57.4,45.4,50.89,2.94
1318316400.0,1440,32.3,10.3,21.69,5.88,101835.4,100815.4,101336.08,285.17,56.4,44.4,50.5,3.15
1318402800.0,1440,32.3,10.3,21.78,5.96,101832.4,100814.4,101320.54,285.29,57.4,44.4,50.47,3.21
1318489200.0,1440,32.3,10.3,21.35,5.89,101837.4,100817.4,101334.53,286.17,56.4,44.4,50.57,3.08
1318575600.0,1440,32.3,10.3,21.57,5.89,101834.4,100811.4,101315.0,291.29,56.4,44.4,50.63,3.15
1318662000.0,1440,32.3,10.3,21.39,5.95,101839.4,100811.4,101311.77,285.56,57.4,44.4,50.64,3.06
1318748400.0,1440,32.3,10.3,21.06,5.91,101838.4,100809.4,101326.12,293.49,57.4,44.4,50.65,3.13
1318834800.0,1440,33.3,10.3,21.55,5.75,101837.4,100808.4,101329.82,292.94,57.4,44.4,50.6,3.09
1318921200.0,1440,32.3,10.3,21.45,5.92,101840.4,100807.4,101326.96,296.4,56.4,44.4,50.46,3.09
1319007600.0,1440,32.3,10.3,21.65,5.8,101839.4,100807.4,101332.29,295.28,56.4,44.4,50.59,3.09
1319094000.0,1440,33.3,10.3,21.92,5.98,101840.4,100805.4,101306.65,290.57,57.4,44.4,50.82,3.32
1319180400.0,1440,33.3,9.3,21.33,6.18,101841.4,100806.4,101335.14,287.29,57.4,43.4,50.58,3.57
1319266800.0,1440,33.3,9.3,21.55,6.09,101845.4,100806.4,101328.39,287.38,58.4,43.4,50.47,3.56
1319353200.0,1440,34.3,9.3,21.19,5.97,101845.4,100802.4,101325.58,287.25,57.4,43.4,50.64,3.46
1319439600.0,1440,34.3,9.3,21.61,6.15,101846.4,100804.4,101320.72,289.52,57.4,43.4,50.55,3.59
1319526000.0,1440,33.3,9.3,21.5,6.09,101847.4,100803.4,101324.96,293.99,57.4,43.4,50.48,3.52
1319612400.0,1440,33.3,9.3,21.41,6.05,101848.4,100800.4,101310.12,291.13,57.4,43.4,50.57,3.56
1319698800.0,1440,33.3,9.3,21.58,6.18,101844.4,100806.4,101337.57,286.85,58.4,43.4,50.47,3.54
1319785200.0,1440,33.3,9.3,21.38,6.24,101850.4,100804.4,101323.65,287.47,57.4,43.4,50.45,3.48
1319871600.0,1440,34.3,9.3,21.8,6.14,101844.4,100797.4,101329.89,292.44,57.4,43.4,50.71,3.54
1319958000.0,1440,34.3,9.3,21.9,6.07,101854.4,100796.4,101326.44,295.61,58.4,43.4,50.94,3.79
1320044400.0,1440,34.3,8.3,21.56,6.37,101855.4,100796.4,101321.51,287.78,59.4,42.4,50.55,4.02
1320130800.0,1440,31.3,11.3,21.42,5.74,101825.4,100825.4,101328.43,278.78,55.4,45.4,50.57,2.92
1320217200.0,1440,31.3,11.3,21.46,5.89,101824.4,100825.4,101324.45,284.34,56.4,45.4,50.52,2.91
1320303600.0,1440,31.3,11.3,21.49,5.84,101825.4,100823.4,101333.98,290.44,56.4,45.4,50.51,2.87
1320390000.0,1440,31.3,11.3,21.33,5.84,101823.4,100823.4,101321.86,281.22,55.4,45.4,50.58,2.95
1320476400.0,1440,32.3,11.3,21.34,5.79,101828.4,100825.4,101320.97,285.11,55.4,45.4,50.54,2.96
1320562800.0,1500,31.3,11.3,21.56,5.79,101827.4,100819.4,101323.88,291.22,55.4,45.4,50.64,2.9
1320652800.0,1440,31.3,11.3,21.55,5.72,101830.4,100818.4,101328.74,285.98,56.4,45.4,50.54,2.92
1320739200.0,1440,31.3,11.3,21.54,5.77,101832.4,100821.4,101322.22,289.26,56.4,45.4,50.47,2.9
1320825600.0,1440,32.3,11.3,21.73,5.72,101833.4,100816.4,101320.12,289.66,56.4,45.4,50.72,2.96
1320912000.0,1440,33.3,11.3,21.82,5.83,101834.4,100816.4,101335.77,295.58,57.4,45.4,50.89,3.01
1320998400.0,1440,32.3,10.3,21.24,5.89,101835.4,100817.4,101333.17,287.46,56.4,44.4,50.47,3.17
1321084800.0,1440,32.3,10.3,21.54,5.81,101836.4,100814.4,101315.25,286.7,57.4,44.4,50.54,3.17
1321171200.0,1440,32.3,10.3,21.45,5.88,101833.4,100815.4,101333.07,291.54,57.4,44.4,50.52,3.18
1321257600.0,1440,32.3,10.3,21.37,5.92,101838.4,100812.4,101330.52,292.69,56.4,44.4,50.67,3.17
1321344000.0,1440,32.3,10.3,21.69,5.9,101839.4,100811.4,101316.33,293.08,56.4,44.4,50.58,3.09
1321430400.0,1440,32.3,10.3,21.4,5.85,101840.4,100809.4,101311.76,287.28,56.4,44.4,50.56,3.14
1321516800.0,1440,32.3,10.3,21.62,5.81,101837.4,100808.4,101325.21,290.13,56.4,44.4,50.45,3.14
1321603200.0,1440,32.3,10.3,21.39,5.86,101842.4,100807.4,101320.5,286.03,56.4,44.4,50.51,3.06
1321689600.0,1440,32.3,10.3,21.5,5.98,101843.4,100806.4,101328.34,288.66,57.4,44.4,50.67,3.19
1321776000.0,1440,33.3,10.3,21.7,6.04,101842.4,100805.4,101328.05,293.52,58.4,44.4,50.86,3.21
1321862400.0,1440,33.3,9.3,21.74,6.19,101842.4,100805.4,101317.18,288.98,57.4,43.4,50.71,3.46
1321948800.0,1440,33.3,9.3,21.29,6.1,101846.4,100804.4,101318.69,288.18,57.4,43.4,50.4,3.57
1322035200.0,1440,34.3,9.3,21.45,6.24,101840.4,100803.4,101324.34,289.95,57.4,43.4,50.67,3.51
1322121600.0,1440,34.3,9.3,21.42,6.04,101848.4,100802.4,101309.88,282.51,57.4,43.4,50.66,3.54
1322208000.0,1440,33.3,9.3,21.35,6.12,101848.4,100801.4,101316.12,297.78,57.4,43.4,50.73,3.58
1322294400.0,1440,33.3,9.3,21.37,6.17,101849.4,100801.4,101314.81,290.6,57.4,43.4,50.65,3.59
1322380800.0,1440,34.3,9.3,21.51,6.3,101850.4,100799.4,101321.6,282.06,57.4,43.4,50.48,3.48
1322467200.0,1440,34.3,9.3,21.52,6.11,101851.4,100802.4,101327.09,291.3,57.4,43.4,50.63,3.53
1322553600.0,1440,33.3,9.3,21.3,6.07,101853.4,100797.4,101328.28,287.64,58.4,43.4,50.59,3.57
1322640000.0,1440,35.3,9.3,21.63,6.31,101854.4,100795.4,101324.81,288.68,58.4,43.4,50.81,3.71
1322726400.0,1440,31.3,11.3,21.38,5.76,101823.4,100826.4,101339.45,287.18,56.4,45.4,50.58,2.94
1322812800.0,1440,32.3,11.3,21.75,5.68,101826.4,100823.4,101322.74,292.35,56.4,45.4,50.56,2.94
1322899200.0,1440,31.3,11.3,21.59,5.64,101826.4,100826.4,101330.26,282.5,55.4,45.4,50.57,2.9
1322985600.0,1440,32.3,11.3,21.58,5.8,101827.4,100823.4,101316.75,290.59,56.4,45.4,50.49,2.87
1323072000.0,1440,31.3,11.3,21.38,5.92,101827.4,100821.4,101325.33,289.8,56.4,45.4,50.57,2.88
1323158400.0,1440,31.3,11.3,21.66,5.71,101829.4,100822.4,101326.48,286.03,55.4,45.4,50.48,2.9
1323244800.0,1440,32.3,11.3,21.33,5.82,101831.4,100818.4,101336.46,294.48,56.4,45.4,50.46,2.91
1323331200.0,1440,32.3,11.3,21.49,5.77,101828.4,100818.4,101320.7,290.45,56.4,45.4,50.55,2.91
1323417600.0,1440,32.3,11.3,21.55,5.81,101832.4,100820.4,101336.5,291.51,55.4,45.4,50.43,2.86
1323504000.0,1440,33.3,11.3,22.14,5.83,101831.4,100815.4,101317.56,288.71,57.4,45.4,50.97,3.0
1323590400.0,1440,32.3,10.3,21.52,5.88,101832.4,100815.4,101304.94,282.67,56.4,44.4,50.67,3.09
1323676800.0,1440,33.3,10.3,21.39,5.84,101835.4,100813.4,101322.59,284.8,56.4,44.4,50.62,3.14
1323763200.0,1440,32.3,10.3,21.57,5.86,101837.4,100812.4,101309.18,287.64,56.4,44.4,50.65,3.19
1323849600.0,1440,32.3,10.3,21.18,5.91,101838.4,100811.4,101331.68,289.25,56.4,44.4,50.43,3.13
1323936000.0,1440,33.3,10.3,21.6,5.82,101836.4,100812.4,101317.48,287.8,56.4,44.4,50.47,3.16
1324022400.0,1440,32.3,10.3,21.78,5.91,101840.4,100812.4,101332.96,292.2,57.4,44.4,50.45,3.08
1324108800.0,1440,32.3,10.3,21.46,5.99,101841.4,100809.4,101321.11,292.65,56.4,44.4,50.75,3.11
1324195200.0,1440,32.3,10.3,21.5,5.91,101837.4,100808.4,101328.46,290.39,57.4,44.4,50.65,3.12
1324281600.0,1440,32.3,10.3,21.46,5.97,101842.4,100819.4,101335.35,285.94,57.4,44.4,50.69,3.08
1324368000.0,1440,33.3,10.3,21.87,5.93,101841.4,100808.4,101319.22,286.61,58.4,44.4,50.95,3.27
1324454400.0,1440,33.3,9.3,21.51,6.15,101845.4,100804.4,101325.7,289.66,57.4,43.4,50.66,3.6
1324540800.0,1440,33.3,9.3,21.4,6.19,101840.4,100803.4,101320.7,289.78,58.4,43.4,50.45,3.55
1324627200.0,1440,33.3,9.3,21.66,5.96,101847.4,100804.4,101334.5,289.81,57.4,43.4,50.79,3.44
1324713600.0,1440,33.3,9.3,21.59,6.1,101847.4,100802.4,101326.92,290.21,57.4,43.4,50.49,3.57
1324800000.0,1440,33.3,9.3,21.69,6.19,101848.4,100805.4,101318.12,284.48,57.4,43.4,50.6,3.55
1324886400.0,1440,33.3,9.3,21.57,6.11,101850.4,100799.4,101312.5,291.28,57.4,43.4,50.5,3.43
1324972800.0,1440,34.3,9.3,21.6,6.33,101851.4,100802.4,101332.53,289.29,57.4,43.4,50.53,3.57
1325059200.0,1440,33.3,9.3,21.34,6.23,101852.4,100799.4,101321.94,282.28,57.4,43.4,50.51,3.52
1325145600.0,1440,33.3,9.3,21.48,6.13,101853.4,100799.4,101317.73,292.87,57.4,43.4,50.49,3.54
1325232000.0,1440,34.3,9.3,21.46,6.38,101850.4,100795.4,101319.2,290.3,59.4,43.4,51.0,3.8
1325318400.0,1440,34.3,8.3,21.46,6.5,101851.4,100796.4,101310.78,286.05,59.4,42.4,50.8,4.14
1325404800.0,1440,32.3,11.3,21.49,5.76,101824.4,100826.4,101325.48,294.89,56.4,45.4,50.6,2.86
1325491200.0,1440,32.3,11.3,21.67,5.9,101824.4,100825.4,101319.49,296.21,56.4,45.4,50.61,2.95
1325577600.0,1440,31.3,11.3,21.6,5.72,101824.4,100822.4,101327.63,287.08,56.4,45.4,50.61,2.86
1325664000.0,1440,32.3,11.3,21.34,5.7,101828.4,100821.4,101328.23,292.38,55.4,45.4,50.63,2.85
1325750400.0,1440,32.3,11.3,21.63,5.68,101826.4,100821.4,101330.9,285.71,56.4,45.4,50.59,2.99
1325836800.0,1440,31.3,11.3,21.56,5.7,101830.4,100819.4,101315.16,291.5,56.4,45.4,50.64,2.92
1325923200.0,1440,32.3,11.3,21.42,5.75,101830.4,100819.4,101313.03,289.31,55.4,45.4,50.49,2.92
1326009600.0,1440,32.3,11.3,21.5,5.78,101832.4,100821.4,101334.8,290.64,55.4,45.4,50.62,2.94
1326096000.0,1440,31.3,11.3,21.39,5.74,101828.4,100817.4,101325.23,288.66,55.4,45.4,50.44,2.9
1326182400.0,1440,32.3,11.3,21.91,5.8,101834.4,100818.4,101327.06,290.09,57.4,45.4,50.94,3.06
1326268800.0,1440,32.3,10.3,21.27,5.91,101835.4,100817.4,101324.12,286.74,56.4,44.4,50.57,3.17
1326355200.0,1440,32.3,10.3,21.61,5.76,101835.4,100813.4,101326.1,287.71,56.4,44.4,50.57,3.15
1326441600.0,1440,33.3,10.3,21.63,5.82,101834.4,100814.4,101311.97,289.88,56.4,44.4,50.48,3.09
1326528000.0,1440,32.3,10.3,21.53,5.9,101838.4,100813.4,101332.73,292.11,56.4,44.4,50.44,3.06
1326614400.0,1440,32.3,10.3,21.52,5.63,101838.4,100810.4,101331.12,290.32,56.4,44.4,50.7,3.25
1326700800.0,1440,32.3,10.3,21.5,5.98,101840.4,100809.4,101317.55,298.39,56.4,44.4,50.53,3.14
1326787200.0,1440,32.3,10.3,21.42,5.81,101841.4,100808.4,101328.1,292.56,56.4,44.4,50.54,3.15
1326873600.0,1440,33.3,10.3,21.61,5.83,101841.4,100808.4,101324.74,287.73,56.4,44.4,50.55,3.08
1326960000.0,1440,32.3,10.3,21.6,5.79,101833.4,100812.4,101324.6,285.59,57.4,44.4,50.61,3.03
1327046400.0,1440,34.3,10.3,22.06,5.95,101843.4,100805.4,101328.55,286.75,57.4,44.4,50.96,3.29
1327132800.0,1440,33.3,9.3,21.58,5.98,101843.4,100804.4,101325.65,292.29,58.4,43.4,50.7,3.6
1327219200.0,1440,33.3,9.3,21.51,6.18,101846.4,100804.4,101331.4,291.38,57.4,43.4,50.61,3.53
1327305600.0,1440,33.3,9.3,21.32,6.24,101843.4,100808.4,101313.36,295.88,58.4,43.4,50.45,3.49
1327392000.0,1440,33.3,9.3,21.18,6.14,101848.4,100804.4,101328.18,290.18,57.4,43.4,50.73,3.56
1327478400.0,1440,33.3,9.3,21.43,6.18,101848.4,100800.4,101329.13,290.53,57.4,43.4,50.59,3.53
1327564800.0,1440,33.3,9.3,21.48,6.14,101850.4,100799.4,101316.98,286.36,58.4,43.4,50.61,3.55
1327651200.0,1440,33.3,9.3,21.16,6.1,101851.4,100800.4,101333.95,284.99,58.4,43.4,50.49,3.61
1327737600.0,1440,33.3,9.3,21.45,6.19,101845.4,100801.4,101333.51,285.56,57.4,43.4,50.54,3.49
1327824000.0,1440,34.3,9.3,21.42,6.07,101852.4,100800.4,101333.2,295.18,57.4,43.4,50.49,3.62
1327910400.0,1440,34.3,9.3,21.98,6.35,101852.4,100797.4,101320.46,291.05,58.4,43.4,50.96,3.77
1327996800.0,1440,34.3,8.3,21.51,6.45,101855.4,100795.4,101315.06,290.02,59.4,42.4,50.65,4.03
1328083200.0,1440,31.3,11.3,21.47,5.79,101824.4,100826.4,101319.64,288.2,56.4,45.4,50.59,2.87
1328169600.0,1440,31.3,11.3,21.44,5.82,101823.4,100825.4,101321.78,289.24,56.4,45.4,50.48,2.9
1328256000.0,1440,31.3,11.3,21.53,5.85,101828.4,100822.4,101318.35,294.23,56.4,45.4,50.57,2.9
1328342400.0,1440,32.3,11.3,21.48,5.85,101825.4,100822.4,101315.97,288.15,56.4,45.4,50.66,2.93
1328428800.0,1440,32.3,11.3,21.53,5.93,101826.4,100824.4,101317.78,291.02,55.4,45.4,50.6,2.93
1328515200.0,1440,32.3,11.3,21.68,5.9,101828.4,100820.4,101310.69,287.75,56.4,45.4,50.69,2.9
1328601600.0,1440,32.3,11.3,21.5,5.7,101831.4,100818.4,101329.52,292.6,56.4,45.4,50.69,2.88
1328688000.0,1440,31.3,11.3,21.63,5.85,101831.4,100818.4,101317.46,291.09,55.4,45.4,50.57,2.92
1328774400.0,1440,32.3,11.3,21.38,5.66,101832.4,100816.4,101311.33,287.91,56.4,45.4,50.38,2.87
1328860800.0,1440,32.3,11.3,21.91,5.69,101824.4,100815.4,101334.59,288.76,56.4,45.4,50.96,2.96
1328947200.0,1440,32.3,10.3,21.3,5.83,101833.4,100815.4,101331.34,290.83,57.4,44.4,50.59,3.14
1329033600.0,1440,32.3,10.3,21.58,6.08,101833.4,100816.4,101328.6,292.5,56.4,44.4,50.71,3.12
1329120000.0,1440,32.3,10.3,21.57,6.02,101836.4,100813.4,101327.95,293.02,57.4,44.4,50.47,3.19
1329206400.0,1440,33.3,10.3,21.54,5.89,101837.4,100811.4,101326.4,288.29,56.4,44.4,50.6,3.16
1329292800.0,1440,33.3,10.3,21.46,5.92,101838.4,100813.4,101335.18,291.22,57.4,44.4,50.64,3.15
1329379200.0,1440,32.3,10.3,21.54,5.82,101838.4,100809.4,101322.0,289.24,57.4,44.4,50.59,3.13
1329465600.0,1440,32.3,10.3,21.43,5.9,101841.4,100808.4,101330.64,282.42,56.4,44.4,50.56,3.11
1329552000.0,1440,33.3,10.3,21.41,5.79,101842.4,100808.4,101319.28,286.45,57.4,44.4,50.76,3.1
1329638400.0,1440,33.3,10.3,21.47,5.91,101840.4,100810.4,101312.31,293.05,56.4,44.4,50.5,3.11
1329724800.0,1440,33.3,10.3,21.9,6.03,101844.4,100805.4,101321.85,283.38,57.4,44.4,50.91,3.23
1329811200.0,1440,33.3,9.3,21.6,6.2,101845.4,100805.4,101320.88,290.06,57.4,43.4,50.52,3.5
1329897600.0,1440,34.3,9.3,21.71,6.16,101846.4,100806.4,101332.7,287.4,57.4,43.4,50.57,3.53
1329984000.0,1440,33.3,9.3,21.65,6.12,101846.4,100803.4,101316.38,293.97,58.4,43.4,50.75,3.45
1330070400.0,1440,33.3,9.3,21.22,6.2,101848.4,100803.4,101315.61,291.02,57.4,43.4,50.58,3.6
1330156800.0,1440,33.3,9.3,21.85,6.16,101848.4,100800.4,101330.47,292.74,58.4,43.4,50.65,3.51
1330243200.0,1440,34.3,9.3,21.58,6.14,101848.4,100804.4,101326.56,289.44,58.4,43.4,50.6,3.56
1330329600.0,1440,33.3,9.3,21.57,5.97,101843.4,100799.4,101321.57,288.88,58.4,43.4,50.57,3.49
1330416000.0,1440,34.3,9.3,21.52,6.13,101852.4,100800.4,101316.73,292.01,58.4,43.4,50.74,3.5
1330502400.0,1440,33.3,9.3,21.38,6.08,101853.4,100797.4,101323.58,292.01,57.4,43.4,50.57,3.5
1330588800.0,1440,31.3,11.3,21.27,5.71,101824.4,100825.4,101329.36,292.51,55.4,45.4,50.49,2.96
1330675200.0,1440,31.3,11.3,21.69,5.7,101825.4,100825.4,101322.44,293.25,55.4,45.4,50.57,2.86
1330761600.0,1440,31.3,11.3,21.46,5.77,101827.4,100823.4,101313.62,288.93,56.4,45.4,50.72,2.89
1330848000.0,1440,31.3,11.3,21.56,5.84,101828.4,100822.4,101328.72,289.8,56.4,45.4,50.46,2.94
1330934400.0,1440,31.3,11.3,21.57,5.75,101829.4,100820.4,101321.05,293.55,55.4,45.4,50.54,2.94
1331020800.0,1440,32.3,11.3,21.33,5.77,101828.4,100819.4,101318.73,284.94,56.4,45.4,50.54,2.94
1331107200.0,1440,32.3,11.3,21.42,5.76,101830.4,100823.4,101324.56,295.17,55.4,45.4,50.56,2.85
1331193600.0,1440,31.3,11.3,21.69,5.67,101829.4,100818.4,101325.36,287.3,56.4,45.4,50.58,2.92
1331280000.0,1440,31.3,11.3,21.38,5.78,101831.4,100818.4,101321.78,295.74,56.4,45.4,50.6,2.85
1331366400.0,1440,32.3,11.3,21.69,5.77,101830.4,100815.4,101323.48,286.29,57.4,45.4,50.93,3.0
1331452800.0,1380,32.3,10.3,21.4,5.9,101834.4,100815.4,101334.71,291.36,57.4,44.4,50.56,3.18
1331535600.0,1440,32.3,10.3,21.46,5.82,101829.4,100813.4,101315.48,287.0,57.4,44.4,50.58,3.13
1331622000.0,1440,32.3,10.3,21.57,5.91,101837.4,100812.4,101327.79,290.0,56.4,44.4,50.65,3.13
1331708400.0,1440,32.3,10.3,21.47,5.91,101836.4,100813.4,101327.99,283.68,56.4,44.4,50.55,3.15
1331794800.0,1440,32.3,10.3,21.39,6.04,101838.4,100810.4,101331.7,284.71,56.4,44.4,50.65,3.19
1331881200.0,1440,32.3,10.3,21.4,5.94,101836.4,100809.4,101325.69,289.29,56.4,44.4,50.56,3.17
1331967600.0,1440,32.3,10.3,21.78,5.78,101841.4,100813.4,101319.88,286.51,56.4,44.4,50.73,3.17
1332054000.0,1440,33.3,10.3,21.54,5.94,101836.4,100812.4,101344.65,285.9,57.4,44.4,50.55,3.14
1332140400.0,1440,32.3,10.3,21.54,5.89,101843.4,100806.4,101306.64,286.7,57.4,44.4,50.51,3.09
1332226800.0,1440,33.3,10.3,21.66,5.94,101843.4,100805.4,101330.06,286.68,57.4,44.4,50.98,3.32
1332313200.0,1440,34.3,9.3,21.06,6.3,101844.4,100804.4,101321.58,294.26,57.4,43.4,50.52,3.54
1332399600.0,1440,33.3,9.3,21.7,6.31,101846.4,100803.4,101318.03,292.53,57.4,43.4,50.6,3.46
1332486000.0,1440,33.3,9.3,21.63,6.06,101846.4,100808.4,101336.13,292.03,57.4,43.4,50.64,3.54
1332572400.0,1440,33.3,9.3,21.57,6.11,101848.4,100801.4,101315.33,290.23,57.4,43.4,50.48,3.57
1332658800.0,1440,34.3,9.3,21.56,6.28,101848.4,100803.4,101329.1,288.08,57.4,43.4,50.64,3.51
1332745200.0,1440,34.3,9.3,21.24,6.05,101850.4,100799.4,101316.65,288.55,58.4,43.4,50.62,3.59
1332831600.0,1440,33.3,9.3,21.63,6.26,101846.4,100798.4,101324.71,287.45,58.4,43.4,50.33,3.43
1332918000.0,1440,33.3,9.3,21.28,6.17,101852.4,100798.4,101325.44,293.38,57.4,43.4,50.34,3.61
1333004400.0,1440,34.3,9.3,21.4,6.1,101853.4,100797.4,101322.25,284.05,58.4,43.4,50.66,3.63
1333090800.0,1440,34.3,9.3,21.87,6.29,101854.4,100795.4,101318.84,291.98,59.4,43.4,50.93,3.92
1333177200.0,1440,35.3,8.3,21.69,6.55,101854.4,100796.4,101328.25,293.09,58.4,42.4,50.43,4.17
1333263600.0,1440,31.3,11.3,21.55,5.76,101825.4,100824.4,101324.83,293.41,56.4,45.4,50.52,2.89
1333350000.0,1440,31.3,11.3,21.24,5.73,101823.4,100825.4,101328.51,283.96,56.4,45.4,50.58,2.96
1333436400.0,1440,32.3,11.3,21.19,5.78,101823.4,100822.4,101332.76,288.79,56.4,45.4,50.65,2.86
1333522800.0,1440,31.3,11.3,21.55,5.7,101824.4,100821.4,101324.17,294.6,56.4,45.4,50.74,2.91
1333609200.0,1440,31.3,11.3,21.47,5.69,101829.4,100820.4,101326.36,289.42,56.4,45.4,50.62,2.88
1333695600.0,1440,31.3,11.3,21.46,5.76,101828.4,100820.4,101308.47,287.36,55.4,45.4,50.6,2.88
1333782000.0,1440,32.3,11.3,21.39,5.71,101831.4,100821.4,101337.33,289.27,56.4,45.4,50.64,2.88
1333868400.0,1440,31.3,11.3,21.7,5.75,101831.4,100821.4,101322.95,288.12,55.4,45.4,50.55,2.85
1333954800.0,1440,31.3,11.3,21.61,5.83,101832.4,100818.4,101320.28,290.26,56.4,45.4,50.58,2.92
1334041200.0,1440,32.3,11.3,21.49,5.88,101833.4,100817.4,101328.06,291.28,57.4,45.4,50.99,2.97
1334127600.0,1440,32.3,10.3,21.33,5.89,101832.4,100819.4,101327.86,286.11,57.4,44.4,50.53,3.18
1334214000.0,1440,33.3,10.3,21.37,5.82,101833.4,100818.4,101323.55,290.73,57.4,44.4,50.56,3.1
1334300400.0,1440,33.3,10.3,21.37,5.99,101832.4,100813.4,101322.0,295.53,56.4,44.4,50.53,3.11
1334386800.0,1440,32.3,10.3,21.85,5.8,101837.4,100812.4,101324.08,295.83,56.4,44.4,50.5,3.15
1334473200.0,1440,32.3,10.3,21.19,5.79,101839.4,100810.4,101314.34,293.78,56.4,44.4,50.58,3.18
1334559600.0,1440,32.3,10.3,21.6,5.85,101838.4,100815.4,101320.25,286.39,56.4,44.4,50.66,3.12
1334646000.0,1440,33.3,10.3,21.38,5.85,101841.4,100808.4,101328.28,288.32,56.4,44.4,50.81,3.11
1334732400.0,1440,32.3,10.3,21.28,5.82,101841.4,100812.4,101322.71,284.24,56.4,44.4,50.46,3.09
1334818800.0,1440,32.3,10.3,21.5,5.89,101840.4,100808.4,101317.73,293.24,56.4,44.4,50.63,3.18
1334905200.0,1440,33.3,10.3,22.25,5.93,101837.4,100806.4,101324.47,290.58,57.4,44.4,51.0,3.26
1334991600.0,1440,33.3,9.3,21.37,6.14,101840.4,100807.4,101319.96,281.12,57.4,43.4,50.62,3.47
1335078000.0,1440,33.3,9.3,21.33,5.99,101845.4,100803.4,101323.76,284.45,58.4,43.4,50.7,3.45
1335164400.0,1440,33.3,9.3,21.44,6.2,101845.4,100802.4,101318.69,290.32,57.4,43.4,50.64,3.54
1335250800.0,1440,33.3,9.3,21.28,6.12,101846.4,100801.4,101335.28,290.5,57.4,43.4,50.46,3.54
1335337200.0,1440,33.3,9.3,21.18,6.0,101848.4,100800.4,101313.38,286.12,57.4,43.4,50.63,3.57
1335423600.0,1440,34.3,9.3,21.27,6.09,101849.4,100802.4,101306.37,285.58,57.4,43.4,50.71,3.58
1335510000.0,1440,33.3,9.3,21.49,6.2,101851.4,100798.4,101335.8,289.83,57.4,43.4,50.46,3.56
1335596400.0,1440,33.3,9.3,21.33,6.19,101849.4,100797.4,101318.67,288.21,58.4,43.4,50.46,3.59
1335682800.0,1440,33.3,9.3,21.52,6.21,101853.4,100798.4,101317.49,288.98,57.4,43.4,50.64,3.54
1335769200.0,1440,34.3,9.3,21.76,6.18,101843.4,100795.4,101321.95,284.71,58.4,43.4,51.0,3.67
1335855600.0,1440,31.3,11.3,21.35,5.77,101824.4,100824.4,101327.7,287.81,55.4,45.4,50.51,2.95
1335942000.0,1440,31.3,11.3,21.16,5.77,101824.4,100825.4,101327.28,288.45,55.4,45.4,50.54,2.87
1336028400.0,1440,32.3,11.3,21.32,5.71,101826.4,100823.4,101320.79,290.67,55.4,45.4,50.57,2.87
1336114800.0,1440,32.3,11.3,21.68,5.93,101827.4,100821.4,101318.59,289.1,55.4,45.4,50.5,2.91
1336201200.0,1440,31.3,11.3,21.65,5.69,101829.4,100821.4,101329.67,286.68,56.4,45.4,50.61,2.92
1336287600.0,1440,32.3,11.3,21.55,5.84,101828.4,100819.4,101325.64,286.9,55.4,45.4,50.5,2.86
1336374000.0,1440,32.3,11.3,21.1,5.83,101829.4,100819.4,101331.44,288.83,55.4,45.4,50.56,2.98
1336460400.0,1440,32.3,11.3,21.58,5.85,101831.4,100818.4,101331.89,291.68,55.4,45.4,50.53,2.93
1336546800.0,1440,31.3,11.3,21.44,5.87,101823.4,100817.4,101321.57,286.55,56.4,45.4,50.56,2.91
1336633200.0,1440,32.3,11.3,21.98,5.78,101831.4,100815.4,101320.91,291.21,57.4,45.4,50.92,3.0
1336719600.0,1440,33.3,10.3,21.25,5.96,101834.4,100815.4,101316.16,285.82,57.4,44.4,50.48,3.12
1336806000.0,1440,32.3,10.3,21.37,5.97,101836.4,100817.4,101333.3,291.76,57.4,44.4,50.51,3.18
1336892400.0,1440,33.3,10.3,21.48,5.85,101837.4,100812.4,101323.17,292.28,56.4,44.4,50.73,3.13
1336978800.0,1440,33.3,10.3,21.46,6.0,101838.4,100812.4,101328.6,286.47,56.4,44.4,50.59,3.17
1337065200.0,1440,32.3,10.3,21.55,5.84,101838.4,100810.4,101329.59,285.56,56.4,44.4,50.65,3.25
1337151600.0,1440,32.3,10.3,21.46,5.76,101840.4,100809.4,101330.91,283.05,57.4,44.4,50.55,3.09
1337238000.0,1440,32.3,10.3,21.21,5.94,101837.4,100808.4,101331.58,293.41,57.4,44.4,50.56,3.05
1337324400.0,1440,32.3,10.3,21.42,6.08,101842.4,100814.4,101320.91,287.56,57.4,44.4,50.63,3.15
1337410800.0,1440,33.3,10.3,21.4,6.09,101843.4,100807.4,101323.15,292.08,56.4,44.4,50.71,3.15
1337497200.0,1440,33.3,10.3,21.64,6.0,101844.4,100806.4,101331.54,287.61,57.4,44.4,50.8,3.37
1337583600.0,1440,33.3,9.3,21.42,6.02,101842.4,100805.4,101328.05,291.1,57.4,43.4,50.61,3.51
1337670000.0,1440,34.3,9.3,21.3,6.09,101840.4,100805.4,101318.42,286.57,57.4,43.4,50.49,3.49
1337756400.0,1440,34.3,9.3,21.56,6.04,101847.4,100802.4,101332.94,294.15,57.4,43.4,50.6,3.53
1337842800.0,1440,34.3,9.3,21.45,6.2,101842.4,100801.4,101335.18,291.74,57.4,43.4,50.59,3.55
1337929200.0,1440,33.3,9.3,21.62,6.14,101847.4,100800.4,101320.67,289.37,58.4,43.4,50.52,3.48
1338015600.0,1440,33.3,9.3,21.39,6.06,101850.4,100799.4,101317.22,288.89,57.4,43.4,50.66,3.54
1338102000.0,1440,33.3,9.3,21.61,6.22,101850.4,100798.4,101321.43,291.45,58.4,43.4,50.61,3.58
1338188400.0,1440,33.3,9.3,21.31,6.08,101852.4,100797.4,101327.83,288.84,58.4,43.4,50.53,3.54
1338274800.0,1440,33.3,9.3,21.36,6.18,101853.4,100797.4,101330.48,285.49,58.4,43.4,50.49,3.52
1338361200.0,1440,34.3,9.3,21.62,6.25,101853.4,100796.4,101314.89,288.2,59.4,43.4,51.12,3.86
1338447600.0,1440,34.3,8.3,21.29,6.57,101855.4,100795.4,101328.31,287.78,58.4,42.4,50.47,4.12
1338534000.0,1440,32.3,11.3,21.6,5.78,101823.4,100825.4,101327.36,287.39,55.4,45.4,50.62,2.86
1338620400.0,1440,32.3,11.3,21.41,5.85,101826.4,100824.4,101319.92,287.27,55.4,45.4,50.48,2.86
1338706800.0,1440,32.3,11.3,21.34,5.66,101825.4,100822.4,101319.32,290.86,56.4,45.4,50.65,2.95
1338793200.0,1440,31.3,11.3,21.24,5.89,101827.4,100822.4,101330.35,289.63,56.4,45.4,50.53,2.93
1338879600.0,1440,31.3,11.3,21.47,5.81,101828.4,100820.4,101320.77,284.52,55.4,45.4,50.6,2.93
1338966000.0,1440,31.3,11.3,21.51,5.79,101830.4,100819.4,101322.26,289.41,56.4,45.4,50.56,2.91
1339052400.0,1440,32.3,11.3,21.53,5.84,101829.4,100820.4,101316.25,292.83,55.4,45.4,50.43,2.95
1339138800.0,1440,32.3,11.3,21.67,5.75,101832.4,100822.4,101329.77,290.41,55.4,45.4,50.7,2.91
1339225200.0,1440,31.3,11.3,21.36,5.7,101832.4,100816.4,101329.39,285.17,56.4,45.4,50.51,2.89
1339311600.0,1440,32.3,11.3,21.85,5.77,101818.4,100817.4,101329.69,283.78,56.4,45.4,50.89,2.96
1339398000.0,1440,33.3,10.3,21.65,5.83,101834.4,100816.4,101324.04,287.26,56.4,44.4,50.47,3.09
1339484400.0,1440,32.3,10.3,21.54,5.96,101835.4,100813.4,101323.29,291.19,56.4,44.4,50.49,3.1
1339570800.0,1440,32.3,10.3,21.26,6.0,101837.4,100812.4,101329.6,292.53,56.4,44.4,50.53,3.15
1339657200.0,1440,32.3,10.3,21.41,6.04,101838.4,100816.4,101318.3,285.43,56.4,44.4,50.4,3.14
1339743600.0,1440,32.3,10.3,21.39,5.88,101838.4,100813.4,101323.55,290.99,57.4,44.4,50.58,3.13
1339830000.0,1440,32.3,10.3,21.5,5.93,101840.4,100809.4,101316.7,284.08,57.4,44.4,50.57,3.17
1339916400.0,1440,32.3,10.3,21.29,5.95,101838.4,100810.4,101314.21,284.55,56.4,44.4,50.55,3.15
1340002800.0,1440,32.3,10.3,21.44,6.01,101842.4,100809.4,101327.64,292.32,56.4,44.4,50.55,3.15
1340089200.0,1440,32.3,10.3,21.59,6.03,101839.4,100806.4,101319.48,285.42,56.4,44.4,50.62,3.16
1340175600.0,1440,33.3,10.3,21.71,6.07,101844.4,100805.4,101320.39,288.48,58.4,44.4,51.06,3.34
1340262000.0,1440,34.3,9.3,21.59,6.14,101846.4,100807.4,101323.86,293.53,58.4,43.4,50.67,3.52
1340348400.0,1440,33.3,9.3,21.52,6.26,101845.4,100805.4,101321.04,295.23,57.4,43.4,50.5,3.58
1340434800.0,1440,33.3,9.3,21.4,6.04,101846.4,100804.4,101320.89,291.25,57.4,43.4,50.56,3.47
1340521200.0,1440,34.3,9.3,21.52,6.12,101847.4,100801.4,101325.23,285.96,58.4,43.4,50.58,3.5
1340607600.0,1440,34.3,9.3,21.42,6.12,101848.4,100809.4,101327.57,293.76,57.4,43.4,50.56,3.61
1340694000.0,1440,33.3,9.3,21.59,6.32,101849.4,100799.4,101315.12,286.92,58.4,43.4,50.63,3.57
1340780400.0,1440,33.3,9.3,21.24,6.03,101851.4,100800.4,101348.51,287.35,58.4,43.4,50.51,3.61
1340866800.0,1440,33.3,9.3,21.48,6.14,101852.4,100799.4,101319.99,292.22,58.4,43.4,50.52,3.48
1340953200.0,1440,33.3,9.3,21.56,6.16,101850.4,100799.4,101333.0,287.9,58.4,43.4,50.58,3.52
1341039600.0,1440,34.3,9.3,21.96,6.16,101852.4,100797.4,101314.84,289.8,58.4,43.4,50.86,3.66
1341126000.0,1440,32.3,11.3,21.41,5.72,101823.4,100824.4,101318.37,282.32,55.4,45.4,50.5,2.89
1341212400.0,1440,32.3,11.3,21.24,5.84,101824.4,100824.4,101338.83,288.25,55.4,45.4,50.75,2.97
1341298800.0,1440,31.3,11.3,21.37,5.87,101826.4,100824.4,101328.17,296.66,55.4,45.4,50.57,2.89
1341385200.0,1440,31.3,11.3,21.39,5.85,101828.4,100821.4,101318.41,285.63,55.4,45.4,50.59,2.89
1341471600.0,1440,31.3,11.3,21.4,5.7,101824.4,100822.4,101316.9,278.0,55.4,45.4,50.59,2.95
1341558000.0,1440,31.3,11.3,21.64,5.74,101825.4,100822.4,101316.83,295.19,55.4,45.4,50.54,2.93
1341644400.0,1440,32.3,11.3,21.57,5.66,101829.4,100820.4,101336.61,289.49,55.4,45.4,50.59,2.89
1341730800.0,1440,31.3,11.3,21.46,5.86,101829.4,100819.4,101336.36,286.97,56.4,45.4,50.67,2.91
1341817200.0,1440,32.3,11.3,21.52,5.76,101833.4,100817.4,101318.14,286.42,56.4,45.4,50.52,2.87
1341903600.0,1440,32.3,11.3,21.9,5.68,101833.4,100815.4,101324.08,284.34,57.4,45.4,50.8,3.0
1341990000.0,1440,33.3,10.3,21.59,5.9,101835.4,100814.4,101325.6,286.25,57.4,44.4,50.53,3.12
1342076400.0,1440,32.3,10.3,21.76,5.86,101836.4,100813.4,101314.05,286.64,56.4,44.4,50.65,3.15
1342162800.0,1440,33.3,10.3,21.51,5.84,101834.4,100815.4,101337.46,286.81,57.4,44.4,50.55,3.09
1342249200.0,1440,32.3,10.3,21.51,5.93,101834.4,100814.4,101319.99,285.07,56.4,44.4,50.74,3.06
1342335600.0,1440,32.3,10.3,21.24,5.82,101839.4,100812.4,101313.71,284.29,57.4,44.4,50.57,3.16
1342422000.0,1440,32.3,10.3,21.44,5.85,101838.4,100809.4,101323.12,287.27,57.4,44.4,50.52,3.16
1342508400.0,1440,32.3,10.3,21.42,5.91,101841.4,100808.4,101331.79,287.51,56.4,44.4,50.66,3.13
1342594800.0,1440,32.3,10.3,21.4,6.04,101842.4,100807.4,101330.04,290.24,57.4,44.4,50.53,3.13
1342681200.0,1440,32.3,10.3,21.4,5.94,101842.4,100806.4,101319.82,280.74,56.4,44.4,50.61,3.21
1342767600.0,1440,33.3,10.3,21.68,5.92,101844.4,100808.4,101320.54,294.25,57.4,44.4,51.01,3.27
1342854000.0,1440,33.3,9.3,21.36,6.15,101845.4,100805.4,101318.89,286.54,58.4,43.4,50.67,3.61
1342940400.0,1440,33.3,9.3,21.42,5.99,101845.4,100803.4,101314.58,290.8,58.4,43.4,50.67,3.35
1343026800.0,1440,33.3,9.3,21.67,6.02,101846.4,100802.4,101340.75,293.03,57.4,43.4,50.86,3.42
1343113200.0,1440,34.3,9.3,21.54,6.17,101847.4,100803.4,101312.99,285.87,58.4,43.4,50.53,3.52
1343199600.0,1440,34.3,9.3,21.83,6.03,101849.4,100801.4,101317.92,296.19,58.4,43.4,50.48,3.51
1343286000.0,1440,33.3,9.3,21.89,6.15,101850.4,100802.4,101326.0,297.09,57.4,43.4,50.47,3.47
1343372400.0,1440,34.3,9.3,21.48,6.24,101849.4,100798.4,101326.65,287.27,57.4,43.4,50.55,3.58
1343458800.0,1440,33.3,9.3,21.69,6.12,101850.4,100797.4,101313.73,288.34,57.4,43.4,50.81,3.59
1343545200.0,1440,33.3,9.3,21.26,6.1,101853.4,100796.4,101324.39,287.64,57.4,43.4,50.75,3.66
1343631600.0,1440,34.3,9.3,21.96,6.24,101847.4,100798.4,101320.2,287.49,58.4,43.4,51.21,3.74
1343718000.0,1440,34.3,8.3,21.63,6.42,101847.4,100795.4,101320.15,288.92,59.4,42.4,50.72,4.04
1343804400.0,1440,31.3,11.3,21.37,5.77,101824.4,100825.4,101331.06,289.1,55.4,45.4,50.52,2.87
1343890800.0,1440,31.3,11.3,21.48,5.77,101826.4,100824.4,101328.48,288.03,56.4,45.4,50.5,2.88
1343977200.0,1440,31.3,11.3,21.56,5.66,101826.4,100823.4,101328.0,296.52,56.4,45.4,50.53,2.91
1344063600.0,1440,31.3,11.3,21.46,5.8,101826.4,100821.4,101316.7,290.26,56.4,45.4,50.55,2.89
1344150000.0,1440,31.3,11.3,21.52,5.77,101829.4,100820.4,101332.18,284.71,56.4,45.4,50.67,2.91
1344236400.0,1440,31.3,11.3,21.33,5.76,101829.4,100819.4,101325.6,290.7,56.4,45.4,50.47,2.88
1344322800.0,1440,31.3,11.3,21.53,5.83,101827.4,100818.4,101305.97,290.21,56.4,45.4,50.5,2.95
1344409200.0,1440,32.3,11.3,21.55,5.75,101832.4,100819.4,101329.86,284.72,55.4,45.4,50.6,2.95
1344495600.0,1440,31.3,11.3,21.31,5.69,101833.4,100818.4,101323.24,291.64,56.4,45.4,50.6,2.85
1344582000.0,1440,32.3,11.3,21.79,5.95,101829.4,100818.4,101328.95,289.99,56.4,45.4,50.83,2.92
1344668400.0,1440,32.3,10.3,21.32,5.88,101835.4,100814.4,101327.95,287.04,56.4,44.4,50.69,3.15
1344754800.0,1440,32.3,10.3,21.31,6.02,101835.4,100814.4,101327.72,286.49,56.4,44.4,50.55,3.13
1344841200.0,1440,33.3,10.3,21.44,5.83,101837.4,100813.4,101337.59,285.09,56.4,44.4,50.69,3.17
1344927600.0,1440,33.3,10.3,21.55,5.99,101838.4,100811.4,101314.74,292.8,57.4,44.4,50.63,3.1
1345014000.0,1440,33.3,10.3,21.59,5.91,101838.4,100811.4,101329.89,292.08,56.4,44.4,50.73,3.16
1345100400.0,1440,33.3,10.3,21.48,6.08,101840.4,100809.4,101336.76,295.42,57.4,44.4,50.6,3.12
1345186800.0,1440,32.3,10.3,21.3,5.95,101841.4,100812.4,101326.63,283.73,56.4,44.4,50.42,3.02
1345273200.0,1440,32.3,10.3,21.31,5.89,101841.4,100807.4,101340.92,291.15,56.4,44.4,50.42,3.16
1345359600.0,1440,32.3,10.3,21.54,5.85,101841.4,100806.4,101331.43,289.4,56.4,44.4,50.6,3.11
1345446000.0,1440,33.3,10.3,21.71,6.05,101842.4,100806.4,101317.68,287.01,57.4,44.4,50.92,3.34
1345532400.0,1440,33.3,9.3,21.59,6.09,101842.4,100806.4,101338.04,288.04,57.4,43.4,50.62,3.49
1345618800.0,1440,33.3,9.3,21.64,6.13,101845.4,100806.4,101345.5,284.15,57.4,43.4,50.47,3.6
1345705200.0,1440,33.3,9.3,21.43,6.23,101845.4,100802.4,101329.96,291.17,58.4,43.4,50.58,3.53
1345791600.0,1440,33.3,9.3,21.45,6.11,101848.4,100803.4,101317.89,292.98,58.4,43.4,50.63,3.6
1345878000.0,1440,34.3,9.3,21.3,6.13,101845.4,100801.4,101334.02,287.52,57.4,43.4,50.41,3.54
1345964400.0,1440,33.3,9.3,21.55,6.15,101848.4,100800.4,101324.57,293.57,57.4,43.4,50.67,3.61
1346050800.0,1440,33.3,9.3,21.26,6.24,101851.4,100798.4,101322.6,284.76,57.4,43.4,50.67,3.5
1346137200.0,1440,33.3,9.3,21.54,6.21,101851.4,100802.4,101316.74,288.24,58.4,43.4,50.63,3.5
1346223600.0,1440,34.3,9.3,21.81,6.25,101850.4,100796.4,101318.69,286.85,57.4,43.4,50.68,3.54
1346310000.0,1440,34.3,9.3,21.89,6.24,101852.4,100799.4,101327.2,292.44,58.4,43.4,50.82,3.71
1346396400.0,1440,34.3,8.3,21.39,6.47,101853.4,100794.4,101332.07,289.79,59.4,42.4,50.51,4.1
1346482800.0,1440,32.3,11.3,21.41,5.68,101824.4,100825.4,101327.01,289.35,55.4,45.4,50.6,2.9
1346569200.0,1440,32.3,11.3,21.3,5.74,101826.4,100823.4,101324.8,286.82,56.4,45.4,50.55,2.89
1346655600.0,1440,32.3,11.3,21.76,5.78,101827.4,100824.4,101337.28,284.22,56.4,45.4,50.54,2.97
1346742000.0,1440,31.3,11.3,21.5,5.87,101828.4,100822.4,101330.46,295.37,56.4,45.4,50.61,2.91
1346828400.0,1440,32.3,11.3,21.54,5.87,101828.4,100822.4,101323.35,294.53,55.4,45.4,50.48,2.92
1346914800.0,1440,31.3,11.3,21.5,5.77,101830.4,100819.4,101325.53,292.72,55.4,45.4,50.58,2.85
1347001200.0,1440,32.3,11.3,21.44,5.72,101830.4,100818.4,101327.75,287.77,56.4,45.4,50.56,2.87
1347087600.0,1431,31.3,11.3,21.27,5.77,101832.4,100817.4,101322.45,292.05,56.4,45.4,50.62,2.87
